기본키,작성자,작성일,수정일,내용,좋아요 갯수
1,User67,2024-06-06 19:30:14,2024-06-06 19:30:14,잘 읽었습니다,90
2,User67,2024-06-06 19:30:14,2024-06-06 19:30:14,매우 유익합니다,81
3,User72,2024-06-06 19:30:14,2024-06-06 19:30:14,잘 읽었습니다,17
4,User39,2024-06-06 19:30:14,2024-06-06 19:30:14,많은 도움이 되었습니다,3
5,User11,2024-06-06 19:30:14,2024-06-06 19:30:14,이 책 완전 추천합니다,43
6,User66,2024-06-06 19:30:14,2024-06-06 19:30:14,좋아요,27
7,User86,2024-06-06 19:30:14,2024-06-06 19:30:14,좋아요,29
8,User65,2024-06-06 19:30:14,2024-06-06 19:30:14,제 인생에 도움이 되었어요^^!,48
9,User2,2024-06-06 19:30:14,2024-06-06 19:30:14,잘 읽었습니다,100
10,User83,2024-06-06 19:30:14,2024-06-06 19:30:14,더 좋은 글 기대합니다,41
11,User54,2024-06-06 19:30:14,2024-06-06 19:30:14,매우 유익합니다,25
12,User30,2024-06-06 19:30:14,2024-06-06 19:30:14,참고가 되었습니다!,83
13,User47,2024-06-06 19:30:14,2024-06-06 19:30:14,이 책 완전 추천합니다,55
14,User57,2024-06-06 19:30:14,2024-06-06 19:30:14,흠...,53
15,User11,2024-06-06 19:30:14,2024-06-06 19:30:14,완전 ~ 필요한 정보였어요,90
16,User79,2024-06-06 19:30:14,2024-06-06 19:30:14,매우 유익합니다,47
17,User17,2024-06-06 19:30:14,2024-06-06 19:30:14,흠...,96
18,User75,2024-06-06 19:30:14,2024-06-06 19:30:14,잘 읽었습니다,23
19,User12,2024-06-06 19:30:14,2024-06-06 19:30:14,이 책 완전 추천합니다,2
20,User26,2024-06-06 19:30:14,2024-06-06 19:30:14,정말 좋은 글이네요,64
21,User80,2024-06-06 19:30:14,2024-06-06 19:30:14,완전 ~ 필요한 정보였어요,60
22,User80,2024-06-06 19:30:14,2024-06-06 19:30:14,참고가 되었습니다!,38
23,User78,2024-06-06 19:30:14,2024-06-06 19:30:14,이 책 완전 추천합니다,66
24,User92,2024-06-06 19:30:14,2024-06-06 19:30:14,완전 ~ 필요한 정보였어요,42
25,User49,2024-06-06 19:30:14,2024-06-06 19:30:14,잘 읽혀요,17
26,User63,2024-06-06 19:30:14,2024-06-06 19:30:14,잘 읽었습니다,22
27,User27,2024-06-06 19:30:14,2024-06-06 19:30:14,흠...,68
28,User66,2024-06-06 19:30:14,2024-06-06 19:30:14,더 좋은 글 기대합니다,12
29,User23,2024-06-06 19:30:14,2024-06-06 19:30:14,많은 도움이 되었습니다,62
30,User8,2024-06-06 19:30:14,2024-06-06 19:30:14,정말 좋은 글이네요,27
31,User47,2024-06-06 19:30:14,2024-06-06 19:30:14,좋아요,94
32,User91,2024-06-06 19:30:14,2024-06-06 19:30:14,완전 ~ 필요한 정보였어요,39
33,User2,2024-06-06 19:30:14,2024-06-06 19:30:14,많은 도움이 되었습니다,13
34,User11,2024-06-06 19:30:14,2024-06-06 19:30:14,이 책 완전 추천합니다,31
35,User92,2024-06-06 19:30:14,2024-06-06 19:30:14,제 인생에 도움이 되었어요^^!,50
36,User14,2024-06-06 19:30:14,2024-06-06 19:30:14,완전 ~ 필요한 정보였어요,38
37,User70,2024-06-06 19:30:14,2024-06-06 19:30:14,좋아요,5
38,User17,2024-06-06 19:30:14,2024-06-06 19:30:14,매우 유익합니다,25
39,User75,2024-06-06 19:30:14,2024-06-06 19:30:14,흠...,51
40,User18,2024-06-06 19:30:14,2024-06-06 19:30:14,좋아요,50
41,User45,2024-06-06 19:30:14,2024-06-06 19:30:14,더 좋은 글 기대합니다,34
42,User79,2024-06-06 19:30:14,2024-06-06 19:30:14,흠...,84
43,User11,2024-06-06 19:30:14,2024-06-06 19:30:14,이 책 완전 추천합니다,80
44,User10,2024-06-06 19:30:14,2024-06-06 19:30:14,많은 도움이 되었습니다,60
45,User35,2024-06-06 19:30:14,2024-06-06 19:30:14,정말 좋은 글이네요,85
46,User41,2024-06-06 19:30:14,2024-06-06 19:30:14,제 인생에 도움이 되었어요^^!,28
47,User80,2024-06-06 19:30:14,2024-06-06 19:30:14,잘 읽었습니다,84
48,User54,2024-06-06 19:30:14,2024-06-06 19:30:14,많은 도움이 되었습니다,47
49,User13,2024-06-06 19:30:14,2024-06-06 19:30:14,완전 ~ 필요한 정보였어요,41
50,User77,2024-06-06 19:30:14,2024-06-06 19:30:14,잘 읽혀요,56
51,User77,2024-06-06 19:30:14,2024-06-06 19:30:14,더 좋은 글 기대합니다,97
52,User80,2024-06-06 19:30:14,2024-06-06 19:30:14,좋아요,65
53,User1,2024-06-06 19:30:14,2024-06-06 19:30:14,제 인생에 도움이 되었어요^^!,75
54,User68,2024-06-06 19:30:14,2024-06-06 19:30:14,많은 도움이 되었습니다,45
55,User93,2024-06-06 19:30:14,2024-06-06 19:30:14,더 좋은 글 기대합니다,59
56,User30,2024-06-06 19:30:14,2024-06-06 19:30:14,매우 유익합니다,45
57,User33,2024-06-06 19:30:14,2024-06-06 19:30:14,잘 읽었습니다,40
58,User55,2024-06-06 19:30:14,2024-06-06 19:30:14,잘 읽혀요,96
59,User55,2024-06-06 19:30:14,2024-06-06 19:30:14,더 좋은 글 기대합니다,59
60,User55,2024-06-06 19:30:14,2024-06-06 19:30:14,참고가 되었습니다!,27
61,User40,2024-06-06 19:30:14,2024-06-06 19:30:14,완전 ~ 필요한 정보였어요,66
62,User75,2024-06-06 19:30:14,2024-06-06 19:30:14,제 인생에 도움이 되었어요^^!,51
63,User31,2024-06-06 19:30:14,2024-06-06 19:30:14,좋아요,79
64,User55,2024-06-06 19:30:14,2024-06-06 19:30:14,이 책 완전 추천합니다,27
65,User8,2024-06-06 19:30:14,2024-06-06 19:30:14,잘 읽혀요,46
66,User79,2024-06-06 19:30:14,2024-06-06 19:30:14,잘 읽혀요,92
67,User62,2024-06-06 19:30:14,2024-06-06 19:30:14,제 인생에 도움이 되었어요^^!,7
68,User97,2024-06-06 19:30:14,2024-06-06 19:30:14,참고가 되었습니다!,34
69,User98,2024-06-06 19:30:14,2024-06-06 19:30:14,잘 읽었습니다,89
70,User91,2024-06-06 19:30:14,2024-06-06 19:30:14,더 좋은 글 기대합니다,34
71,User55,2024-06-06 19:30:14,2024-06-06 19:30:14,이 책 완전 추천합니다,72
72,User69,2024-06-06 19:30:14,2024-06-06 19:30:14,제 인생에 도움이 되었어요^^!,41
73,User35,2024-06-06 19:30:14,2024-06-06 19:30:14,잘 읽혀요,23
74,User78,2024-06-06 19:30:14,2024-06-06 19:30:14,더 좋은 글 기대합니다,19
75,User88,2024-06-06 19:30:14,2024-06-06 19:30:14,제 인생에 도움이 되었어요^^!,68
76,User50,2024-06-06 19:30:14,2024-06-06 19:30:14,완전 ~ 필요한 정보였어요,57
77,User82,2024-06-06 19:30:14,2024-06-06 19:30:14,잘 읽혀요,63
78,User58,2024-06-06 19:30:14,2024-06-06 19:30:14,잘 읽었습니다,66
79,User33,2024-06-06 19:30:14,2024-06-06 19:30:14,후속편도 기대됩니다,23
80,User11,2024-06-06 19:30:14,2024-06-06 19:30:14,흠...,45
81,User48,2024-06-06 19:30:14,2024-06-06 19:30:14,좋아요,64
82,User74,2024-06-06 19:30:14,2024-06-06 19:30:14,잘 읽혀요,83
83,User85,2024-06-06 19:30:14,2024-06-06 19:30:14,후속편도 기대됩니다,45
84,User94,2024-06-06 19:30:14,2024-06-06 19:30:14,잘 읽었습니다,22
85,User87,2024-06-06 19:30:14,2024-06-06 19:30:14,흠...,18
86,User56,2024-06-06 19:30:14,2024-06-06 19:30:14,완전 ~ 필요한 정보였어요,45
87,User97,2024-06-06 19:30:14,2024-06-06 19:30:14,흠...,85
88,User93,2024-06-06 19:30:14,2024-06-06 19:30:14,매우 유익합니다,95
89,User69,2024-06-06 19:30:14,2024-06-06 19:30:14,후속편도 기대됩니다,77
90,User26,2024-06-06 19:30:14,2024-06-06 19:30:14,매우 유익합니다,10
91,User40,2024-06-06 19:30:14,2024-06-06 19:30:14,더 좋은 글 기대합니다,31
92,User73,2024-06-06 19:30:14,2024-06-06 19:30:14,매우 유익합니다,78
93,User5,2024-06-06 19:30:14,2024-06-06 19:30:14,정말 좋은 글이네요,57
94,User98,2024-06-06 19:30:14,2024-06-06 19:30:14,좋아요,62
95,User68,2024-06-06 19:30:14,2024-06-06 19:30:14,좋아요,6
96,User20,2024-06-06 19:30:14,2024-06-06 19:30:14,제 인생에 도움이 되었어요^^!,61
97,User55,2024-06-06 19:30:14,2024-06-06 19:30:14,참고가 되었습니다!,78
98,User39,2024-06-06 19:30:14,2024-06-06 19:30:14,후속편도 기대됩니다,35
99,User95,2024-06-06 19:30:14,2024-06-06 19:30:14,더 좋은 글 기대합니다,38
100,User13,2024-06-06 19:30:14,2024-06-06 19:30:14,잘 읽혀요,1
101,User82,2024-06-06 19:30:14,2024-06-06 19:30:14,더 좋은 글 기대합니다,45
102,User82,2024-06-06 19:30:14,2024-06-06 19:30:14,매우 유익합니다,29
103,User100,2024-06-06 19:30:14,2024-06-06 19:30:14,좋아요,16
104,User79,2024-06-06 19:30:14,2024-06-06 19:30:14,후속편도 기대됩니다,58
105,User24,2024-06-06 19:30:14,2024-06-06 19:30:14,후속편도 기대됩니다,89
106,User46,2024-06-06 19:30:14,2024-06-06 19:30:14,이 책 완전 추천합니다,9
107,User24,2024-06-06 19:30:14,2024-06-06 19:30:14,후속편도 기대됩니다,33
108,User6,2024-06-06 19:30:14,2024-06-06 19:30:14,참고가 되었습니다!,74
109,User58,2024-06-06 19:30:14,2024-06-06 19:30:14,후속편도 기대됩니다,61
110,User37,2024-06-06 19:30:14,2024-06-06 19:30:14,좋아요,49
111,User52,2024-06-06 19:30:14,2024-06-06 19:30:14,후속편도 기대됩니다,71
112,User16,2024-06-06 19:30:14,2024-06-06 19:30:14,이 책 완전 추천합니다,48
113,User14,2024-06-06 19:30:14,2024-06-06 19:30:14,흠...,60
114,User41,2024-06-06 19:30:14,2024-06-06 19:30:14,더 좋은 글 기대합니다,90
115,User91,2024-06-06 19:30:14,2024-06-06 19:30:14,완전 ~ 필요한 정보였어요,0
116,User49,2024-06-06 19:30:14,2024-06-06 19:30:14,잘 읽었습니다,36
117,User93,2024-06-06 19:30:14,2024-06-06 19:30:14,매우 유익합니다,1
118,User36,2024-06-06 19:30:14,2024-06-06 19:30:14,완전 ~ 필요한 정보였어요,7
119,User17,2024-06-06 19:30:14,2024-06-06 19:30:14,좋아요,47
120,User24,2024-06-06 19:30:14,2024-06-06 19:30:14,완전 ~ 필요한 정보였어요,93
121,User54,2024-06-06 19:30:14,2024-06-06 19:30:14,정말 좋은 글이네요,83
122,User50,2024-06-06 19:30:14,2024-06-06 19:30:14,제 인생에 도움이 되었어요^^!,97
123,User33,2024-06-06 19:30:14,2024-06-06 19:30:14,더 좋은 글 기대합니다,49
124,User10,2024-06-06 19:30:14,2024-06-06 19:30:14,잘 읽혀요,7
125,User98,2024-06-06 19:30:14,2024-06-06 19:30:14,완전 ~ 필요한 정보였어요,74
126,User43,2024-06-06 19:30:14,2024-06-06 19:30:14,이 책 완전 추천합니다,81
127,User56,2024-06-06 19:30:14,2024-06-06 19:30:14,잘 읽혀요,30
128,User100,2024-06-06 19:30:14,2024-06-06 19:30:14,매우 유익합니다,84
129,User54,2024-06-06 19:30:14,2024-06-06 19:30:14,제 인생에 도움이 되었어요^^!,0
130,User87,2024-06-06 19:30:14,2024-06-06 19:30:14,정말 좋은 글이네요,86
131,User55,2024-06-06 19:30:14,2024-06-06 19:30:14,잘 읽혀요,36
132,User86,2024-06-06 19:30:14,2024-06-06 19:30:14,더 좋은 글 기대합니다,68
133,User45,2024-06-06 19:30:14,2024-06-06 19:30:14,정말 좋은 글이네요,47
134,User87,2024-06-06 19:30:14,2024-06-06 19:30:14,매우 유익합니다,6
135,User52,2024-06-06 19:30:14,2024-06-06 19:30:14,흠...,32
136,User24,2024-06-06 19:30:14,2024-06-06 19:30:14,제 인생에 도움이 되었어요^^!,43
137,User53,2024-06-06 19:30:14,2024-06-06 19:30:14,매우 유익합니다,19
138,User37,2024-06-06 19:30:14,2024-06-06 19:30:14,후속편도 기대됩니다,4
139,User40,2024-06-06 19:30:14,2024-06-06 19:30:14,이 책 완전 추천합니다,59
140,User85,2024-06-06 19:30:14,2024-06-06 19:30:14,완전 ~ 필요한 정보였어요,10
141,User4,2024-06-06 19:30:14,2024-06-06 19:30:14,흠...,14
142,User17,2024-06-06 19:30:14,2024-06-06 19:30:14,완전 ~ 필요한 정보였어요,14
143,User34,2024-06-06 19:30:14,2024-06-06 19:30:14,참고가 되었습니다!,34
144,User68,2024-06-06 19:30:14,2024-06-06 19:30:14,잘 읽혀요,27
145,User83,2024-06-06 19:30:14,2024-06-06 19:30:14,좋아요,59
146,User12,2024-06-06 19:30:14,2024-06-06 19:30:14,많은 도움이 되었습니다,25
147,User6,2024-06-06 19:30:14,2024-06-06 19:30:14,후속편도 기대됩니다,41
148,User87,2024-06-06 19:30:14,2024-06-06 19:30:14,제 인생에 도움이 되었어요^^!,78
149,User97,2024-06-06 19:30:14,2024-06-06 19:30:14,많은 도움이 되었습니다,86
150,User31,2024-06-06 19:30:14,2024-06-06 19:30:14,더 좋은 글 기대합니다,26
151,User63,2024-06-06 19:30:14,2024-06-06 19:30:14,참고가 되었습니다!,82
152,User58,2024-06-06 19:30:14,2024-06-06 19:30:14,더 좋은 글 기대합니다,3
153,User22,2024-06-06 19:30:14,2024-06-06 19:30:14,이 책 완전 추천합니다,18
154,User19,2024-06-06 19:30:14,2024-06-06 19:30:14,많은 도움이 되었습니다,15
155,User93,2024-06-06 19:30:14,2024-06-06 19:30:14,후속편도 기대됩니다,74
156,User47,2024-06-06 19:30:14,2024-06-06 19:30:14,후속편도 기대됩니다,15
157,User76,2024-06-06 19:30:14,2024-06-06 19:30:14,후속편도 기대됩니다,91
158,User83,2024-06-06 19:30:14,2024-06-06 19:30:14,좋아요,13
159,User54,2024-06-06 19:30:14,2024-06-06 19:30:14,후속편도 기대됩니다,72
160,User7,2024-06-06 19:30:14,2024-06-06 19:30:14,참고가 되었습니다!,48
161,User72,2024-06-06 19:30:14,2024-06-06 19:30:14,더 좋은 글 기대합니다,29
162,User67,2024-06-06 19:30:14,2024-06-06 19:30:14,잘 읽었습니다,22
163,User13,2024-06-06 19:30:14,2024-06-06 19:30:14,잘 읽었습니다,26
164,User82,2024-06-06 19:30:14,2024-06-06 19:30:14,흠...,22
165,User92,2024-06-06 19:30:14,2024-06-06 19:30:14,이 책 완전 추천합니다,29
166,User67,2024-06-06 19:30:14,2024-06-06 19:30:14,잘 읽혀요,100
167,User61,2024-06-06 19:30:14,2024-06-06 19:30:14,좋아요,91
168,User41,2024-06-06 19:30:14,2024-06-06 19:30:14,잘 읽었습니다,40
169,User21,2024-06-06 19:30:14,2024-06-06 19:30:14,더 좋은 글 기대합니다,85
170,User53,2024-06-06 19:30:14,2024-06-06 19:30:14,많은 도움이 되었습니다,75
171,User52,2024-06-06 19:30:14,2024-06-06 19:30:14,이 책 완전 추천합니다,45
172,User29,2024-06-06 19:30:14,2024-06-06 19:30:14,매우 유익합니다,9
173,User62,2024-06-06 19:30:14,2024-06-06 19:30:14,잘 읽었습니다,83
174,User7,2024-06-06 19:30:14,2024-06-06 19:30:14,매우 유익합니다,35
175,User12,2024-06-06 19:30:14,2024-06-06 19:30:14,잘 읽혀요,65
176,User65,2024-06-06 19:30:14,2024-06-06 19:30:14,제 인생에 도움이 되었어요^^!,35
177,User56,2024-06-06 19:30:14,2024-06-06 19:30:14,좋아요,85
178,User82,2024-06-06 19:30:14,2024-06-06 19:30:14,정말 좋은 글이네요,10
179,User58,2024-06-06 19:30:14,2024-06-06 19:30:14,제 인생에 도움이 되었어요^^!,37
180,User67,2024-06-06 19:30:14,2024-06-06 19:30:14,잘 읽었습니다,58
181,User2,2024-06-06 19:30:14,2024-06-06 19:30:14,정말 좋은 글이네요,88
182,User96,2024-06-06 19:30:14,2024-06-06 19:30:14,완전 ~ 필요한 정보였어요,32
183,User21,2024-06-06 19:30:14,2024-06-06 19:30:14,잘 읽었습니다,53
184,User100,2024-06-06 19:30:14,2024-06-06 19:30:14,좋아요,48
185,User97,2024-06-06 19:30:14,2024-06-06 19:30:14,많은 도움이 되었습니다,29
186,User5,2024-06-06 19:30:14,2024-06-06 19:30:14,많은 도움이 되었습니다,72
187,User49,2024-06-06 19:30:14,2024-06-06 19:30:14,흠...,84
188,User34,2024-06-06 19:30:14,2024-06-06 19:30:14,많은 도움이 되었습니다,28
189,User26,2024-06-06 19:30:14,2024-06-06 19:30:14,이 책 완전 추천합니다,38
190,User18,2024-06-06 19:30:14,2024-06-06 19:30:14,좋아요,2
191,User42,2024-06-06 19:30:14,2024-06-06 19:30:14,많은 도움이 되었습니다,34
192,User86,2024-06-06 19:30:14,2024-06-06 19:30:14,후속편도 기대됩니다,90
193,User18,2024-06-06 19:30:14,2024-06-06 19:30:14,흠...,76
194,User63,2024-06-06 19:30:14,2024-06-06 19:30:14,참고가 되었습니다!,14
195,User74,2024-06-06 19:30:14,2024-06-06 19:30:14,정말 좋은 글이네요,76
196,User64,2024-06-06 19:30:14,2024-06-06 19:30:14,흠...,18
197,User2,2024-06-06 19:30:14,2024-06-06 19:30:14,이 책 완전 추천합니다,15
198,User79,2024-06-06 19:30:14,2024-06-06 19:30:14,더 좋은 글 기대합니다,6
199,User45,2024-06-06 19:30:14,2024-06-06 19:30:14,참고가 되었습니다!,13
200,User36,2024-06-06 19:30:14,2024-06-06 19:30:14,더 좋은 글 기대합니다,64
201,User62,2024-06-06 19:30:14,2024-06-06 19:30:14,완전 ~ 필요한 정보였어요,38
202,User17,2024-06-06 19:30:14,2024-06-06 19:30:14,제 인생에 도움이 되었어요^^!,43
203,User79,2024-06-06 19:30:14,2024-06-06 19:30:14,이 책 완전 추천합니다,98
204,User96,2024-06-06 19:30:14,2024-06-06 19:30:14,정말 좋은 글이네요,99
205,User81,2024-06-06 19:30:14,2024-06-06 19:30:14,많은 도움이 되었습니다,76
206,User31,2024-06-06 19:30:14,2024-06-06 19:30:14,많은 도움이 되었습니다,37
207,User24,2024-06-06 19:30:14,2024-06-06 19:30:14,많은 도움이 되었습니다,41
208,User5,2024-06-06 19:30:14,2024-06-06 19:30:14,잘 읽혀요,25
209,User56,2024-06-06 19:30:14,2024-06-06 19:30:14,정말 좋은 글이네요,63
210,User9,2024-06-06 19:30:14,2024-06-06 19:30:14,이 책 완전 추천합니다,19
211,User94,2024-06-06 19:30:14,2024-06-06 19:30:14,완전 ~ 필요한 정보였어요,47
212,User20,2024-06-06 19:30:14,2024-06-06 19:30:14,잘 읽혀요,29
213,User19,2024-06-06 19:30:14,2024-06-06 19:30:14,참고가 되었습니다!,87
214,User93,2024-06-06 19:30:14,2024-06-06 19:30:14,흠...,92
215,User56,2024-06-06 19:30:14,2024-06-06 19:30:14,완전 ~ 필요한 정보였어요,89
216,User37,2024-06-06 19:30:14,2024-06-06 19:30:14,후속편도 기대됩니다,77
217,User32,2024-06-06 19:30:14,2024-06-06 19:30:14,참고가 되었습니다!,3
218,User26,2024-06-06 19:30:14,2024-06-06 19:30:14,제 인생에 도움이 되었어요^^!,59
219,User88,2024-06-06 19:30:14,2024-06-06 19:30:14,많은 도움이 되었습니다,19
220,User63,2024-06-06 19:30:14,2024-06-06 19:30:14,더 좋은 글 기대합니다,70
221,User58,2024-06-06 19:30:14,2024-06-06 19:30:14,정말 좋은 글이네요,66
222,User79,2024-06-06 19:30:14,2024-06-06 19:30:14,많은 도움이 되었습니다,100
223,User45,2024-06-06 19:30:14,2024-06-06 19:30:14,제 인생에 도움이 되었어요^^!,16
224,User51,2024-06-06 19:30:14,2024-06-06 19:30:14,참고가 되었습니다!,3
225,User82,2024-06-06 19:30:14,2024-06-06 19:30:14,참고가 되었습니다!,38
226,User97,2024-06-06 19:30:14,2024-06-06 19:30:14,참고가 되었습니다!,62
227,User72,2024-06-06 19:30:14,2024-06-06 19:30:14,많은 도움이 되었습니다,9
228,User89,2024-06-06 19:30:14,2024-06-06 19:30:14,참고가 되었습니다!,73
229,User79,2024-06-06 19:30:14,2024-06-06 19:30:14,제 인생에 도움이 되었어요^^!,52
230,User5,2024-06-06 19:30:14,2024-06-06 19:30:14,완전 ~ 필요한 정보였어요,98
231,User85,2024-06-06 19:30:14,2024-06-06 19:30:14,이 책 완전 추천합니다,29
232,User64,2024-06-06 19:30:14,2024-06-06 19:30:14,제 인생에 도움이 되었어요^^!,3
233,User75,2024-06-06 19:30:14,2024-06-06 19:30:14,많은 도움이 되었습니다,16
234,User78,2024-06-06 19:30:14,2024-06-06 19:30:14,더 좋은 글 기대합니다,48
235,User72,2024-06-06 19:30:14,2024-06-06 19:30:14,많은 도움이 되었습니다,53
236,User38,2024-06-06 19:30:14,2024-06-06 19:30:14,후속편도 기대됩니다,64
237,User53,2024-06-06 19:30:14,2024-06-06 19:30:14,좋아요,88
238,User35,2024-06-06 19:30:14,2024-06-06 19:30:14,잘 읽었습니다,14
239,User46,2024-06-06 19:30:14,2024-06-06 19:30:14,많은 도움이 되었습니다,14
240,User52,2024-06-06 19:30:14,2024-06-06 19:30:14,잘 읽었습니다,39
241,User9,2024-06-06 19:30:14,2024-06-06 19:30:14,제 인생에 도움이 되었어요^^!,55
242,User47,2024-06-06 19:30:14,2024-06-06 19:30:14,제 인생에 도움이 되었어요^^!,60
243,User63,2024-06-06 19:30:14,2024-06-06 19:30:14,매우 유익합니다,86
244,User61,2024-06-06 19:30:14,2024-06-06 19:30:14,완전 ~ 필요한 정보였어요,39
245,User9,2024-06-06 19:30:14,2024-06-06 19:30:14,완전 ~ 필요한 정보였어요,95
246,User18,2024-06-06 19:30:14,2024-06-06 19:30:14,흠...,41
247,User6,2024-06-06 19:30:14,2024-06-06 19:30:14,잘 읽었습니다,69
248,User66,2024-06-06 19:30:14,2024-06-06 19:30:14,정말 좋은 글이네요,33
249,User37,2024-06-06 19:30:14,2024-06-06 19:30:14,정말 좋은 글이네요,70
250,User77,2024-06-06 19:30:14,2024-06-06 19:30:14,이 책 완전 추천합니다,28
251,User49,2024-06-06 19:30:14,2024-06-06 19:30:14,이 책 완전 추천합니다,0
252,User37,2024-06-06 19:30:14,2024-06-06 19:30:14,잘 읽혀요,75
253,User16,2024-06-06 19:30:14,2024-06-06 19:30:14,이 책 완전 추천합니다,4
254,User31,2024-06-06 19:30:14,2024-06-06 19:30:14,많은 도움이 되었습니다,90
255,User35,2024-06-06 19:30:14,2024-06-06 19:30:14,매우 유익합니다,17
256,User16,2024-06-06 19:30:14,2024-06-06 19:30:14,매우 유익합니다,56
257,User35,2024-06-06 19:30:14,2024-06-06 19:30:14,잘 읽혀요,31
258,User95,2024-06-06 19:30:14,2024-06-06 19:30:14,정말 좋은 글이네요,94
259,User40,2024-06-06 19:30:14,2024-06-06 19:30:14,잘 읽혀요,44
260,User73,2024-06-06 19:30:14,2024-06-06 19:30:14,더 좋은 글 기대합니다,38
261,User41,2024-06-06 19:30:14,2024-06-06 19:30:14,정말 좋은 글이네요,34
262,User41,2024-06-06 19:30:14,2024-06-06 19:30:14,좋아요,21
263,User48,2024-06-06 19:30:14,2024-06-06 19:30:14,완전 ~ 필요한 정보였어요,40
264,User43,2024-06-06 19:30:14,2024-06-06 19:30:14,잘 읽었습니다,51
265,User86,2024-06-06 19:30:14,2024-06-06 19:30:14,더 좋은 글 기대합니다,97
266,User64,2024-06-06 19:30:14,2024-06-06 19:30:14,완전 ~ 필요한 정보였어요,41
267,User57,2024-06-06 19:30:14,2024-06-06 19:30:14,참고가 되었습니다!,8
268,User21,2024-06-06 19:30:14,2024-06-06 19:30:14,잘 읽었습니다,79
269,User50,2024-06-06 19:30:14,2024-06-06 19:30:14,완전 ~ 필요한 정보였어요,10
270,User35,2024-06-06 19:30:14,2024-06-06 19:30:14,흠...,65
271,User85,2024-06-06 19:30:14,2024-06-06 19:30:14,매우 유익합니다,52
272,User88,2024-06-06 19:30:14,2024-06-06 19:30:14,제 인생에 도움이 되었어요^^!,75
273,User66,2024-06-06 19:30:14,2024-06-06 19:30:14,후속편도 기대됩니다,58
274,User49,2024-06-06 19:30:14,2024-06-06 19:30:14,더 좋은 글 기대합니다,80
275,User93,2024-06-06 19:30:14,2024-06-06 19:30:14,후속편도 기대됩니다,32
276,User25,2024-06-06 19:30:14,2024-06-06 19:30:14,참고가 되었습니다!,88
277,User95,2024-06-06 19:30:14,2024-06-06 19:30:14,많은 도움이 되었습니다,84
278,User29,2024-06-06 19:30:14,2024-06-06 19:30:14,이 책 완전 추천합니다,38
279,User36,2024-06-06 19:30:14,2024-06-06 19:30:14,잘 읽혀요,13
280,User53,2024-06-06 19:30:14,2024-06-06 19:30:14,이 책 완전 추천합니다,42
281,User16,2024-06-06 19:30:14,2024-06-06 19:30:14,잘 읽혀요,17
282,User68,2024-06-06 19:30:14,2024-06-06 19:30:14,후속편도 기대됩니다,59
283,User15,2024-06-06 19:30:14,2024-06-06 19:30:14,정말 좋은 글이네요,49
284,User8,2024-06-06 19:30:14,2024-06-06 19:30:14,더 좋은 글 기대합니다,75
285,User27,2024-06-06 19:30:14,2024-06-06 19:30:14,후속편도 기대됩니다,69
286,User56,2024-06-06 19:30:14,2024-06-06 19:30:14,많은 도움이 되었습니다,72
287,User66,2024-06-06 19:30:14,2024-06-06 19:30:14,흠...,3
288,User51,2024-06-06 19:30:14,2024-06-06 19:30:14,흠...,51
289,User1,2024-06-06 19:30:14,2024-06-06 19:30:14,잘 읽었습니다,7
290,User23,2024-06-06 19:30:14,2024-06-06 19:30:14,매우 유익합니다,72
291,User80,2024-06-06 19:30:14,2024-06-06 19:30:14,잘 읽었습니다,8
292,User6,2024-06-06 19:30:14,2024-06-06 19:30:14,후속편도 기대됩니다,15
293,User86,2024-06-06 19:30:14,2024-06-06 19:30:14,흠...,20
294,User31,2024-06-06 19:30:14,2024-06-06 19:30:14,많은 도움이 되었습니다,98
295,User80,2024-06-06 19:30:14,2024-06-06 19:30:14,제 인생에 도움이 되었어요^^!,10
296,User45,2024-06-06 19:30:14,2024-06-06 19:30:14,정말 좋은 글이네요,39
297,User26,2024-06-06 19:30:14,2024-06-06 19:30:14,이 책 완전 추천합니다,81
298,User31,2024-06-06 19:30:14,2024-06-06 19:30:14,참고가 되었습니다!,57
299,User16,2024-06-06 19:30:14,2024-06-06 19:30:14,후속편도 기대됩니다,58
300,User10,2024-06-06 19:30:14,2024-06-06 19:30:14,제 인생에 도움이 되었어요^^!,54
301,User71,2024-06-06 19:30:14,2024-06-06 19:30:14,매우 유익합니다,6
302,User82,2024-06-06 19:30:14,2024-06-06 19:30:14,후속편도 기대됩니다,20
303,User39,2024-06-06 19:30:14,2024-06-06 19:30:14,이 책 완전 추천합니다,12
304,User66,2024-06-06 19:30:14,2024-06-06 19:30:14,정말 좋은 글이네요,82
305,User5,2024-06-06 19:30:14,2024-06-06 19:30:14,후속편도 기대됩니다,86
306,User85,2024-06-06 19:30:14,2024-06-06 19:30:14,정말 좋은 글이네요,25
307,User45,2024-06-06 19:30:14,2024-06-06 19:30:14,제 인생에 도움이 되었어요^^!,52
308,User50,2024-06-06 19:30:14,2024-06-06 19:30:14,제 인생에 도움이 되었어요^^!,4
309,User39,2024-06-06 19:30:14,2024-06-06 19:30:14,완전 ~ 필요한 정보였어요,15
310,User85,2024-06-06 19:30:14,2024-06-06 19:30:14,더 좋은 글 기대합니다,44
311,User26,2024-06-06 19:30:14,2024-06-06 19:30:14,잘 읽혀요,67
312,User66,2024-06-06 19:30:14,2024-06-06 19:30:14,좋아요,64
313,User32,2024-06-06 19:30:14,2024-06-06 19:30:14,참고가 되었습니다!,23
314,User44,2024-06-06 19:30:14,2024-06-06 19:30:14,잘 읽었습니다,48
315,User46,2024-06-06 19:30:14,2024-06-06 19:30:14,제 인생에 도움이 되었어요^^!,12
316,User48,2024-06-06 19:30:14,2024-06-06 19:30:14,좋아요,81
317,User92,2024-06-06 19:30:14,2024-06-06 19:30:14,잘 읽혀요,59
318,User5,2024-06-06 19:30:14,2024-06-06 19:30:14,흠...,31
319,User78,2024-06-06 19:30:14,2024-06-06 19:30:14,매우 유익합니다,58
320,User17,2024-06-06 19:30:14,2024-06-06 19:30:14,이 책 완전 추천합니다,85
321,User54,2024-06-06 19:30:14,2024-06-06 19:30:14,매우 유익합니다,75
322,User99,2024-06-06 19:30:14,2024-06-06 19:30:14,더 좋은 글 기대합니다,41
323,User43,2024-06-06 19:30:14,2024-06-06 19:30:14,잘 읽었습니다,69
324,User51,2024-06-06 19:30:14,2024-06-06 19:30:14,좋아요,76
325,User4,2024-06-06 19:30:14,2024-06-06 19:30:14,완전 ~ 필요한 정보였어요,73
326,User14,2024-06-06 19:30:14,2024-06-06 19:30:14,완전 ~ 필요한 정보였어요,84
327,User53,2024-06-06 19:30:14,2024-06-06 19:30:14,잘 읽혀요,16
328,User43,2024-06-06 19:30:14,2024-06-06 19:30:14,좋아요,74
329,User3,2024-06-06 19:30:14,2024-06-06 19:30:14,완전 ~ 필요한 정보였어요,89
330,User18,2024-06-06 19:30:14,2024-06-06 19:30:14,잘 읽었습니다,62
331,User5,2024-06-06 19:30:14,2024-06-06 19:30:14,잘 읽혀요,90
332,User35,2024-06-06 19:30:14,2024-06-06 19:30:14,더 좋은 글 기대합니다,26
333,User89,2024-06-06 19:30:14,2024-06-06 19:30:14,흠...,29
334,User67,2024-06-06 19:30:14,2024-06-06 19:30:14,완전 ~ 필요한 정보였어요,52
335,User7,2024-06-06 19:30:14,2024-06-06 19:30:14,참고가 되었습니다!,30
336,User91,2024-06-06 19:30:14,2024-06-06 19:30:14,잘 읽혀요,14
337,User41,2024-06-06 19:30:14,2024-06-06 19:30:14,많은 도움이 되었습니다,61
338,User95,2024-06-06 19:30:14,2024-06-06 19:30:14,매우 유익합니다,18
339,User55,2024-06-06 19:30:14,2024-06-06 19:30:14,잘 읽었습니다,40
340,User7,2024-06-06 19:30:14,2024-06-06 19:30:14,잘 읽혀요,4
341,User38,2024-06-06 19:30:14,2024-06-06 19:30:14,더 좋은 글 기대합니다,45
342,User93,2024-06-06 19:30:14,2024-06-06 19:30:14,후속편도 기대됩니다,91
343,User2,2024-06-06 19:30:14,2024-06-06 19:30:14,잘 읽혀요,96
344,User25,2024-06-06 19:30:14,2024-06-06 19:30:14,참고가 되었습니다!,78
345,User2,2024-06-06 19:30:14,2024-06-06 19:30:14,잘 읽었습니다,84
346,User58,2024-06-06 19:30:14,2024-06-06 19:30:14,참고가 되었습니다!,9
347,User94,2024-06-06 19:30:14,2024-06-06 19:30:14,정말 좋은 글이네요,78
348,User47,2024-06-06 19:30:14,2024-06-06 19:30:14,더 좋은 글 기대합니다,74
349,User53,2024-06-06 19:30:14,2024-06-06 19:30:14,제 인생에 도움이 되었어요^^!,83
350,User59,2024-06-06 19:30:14,2024-06-06 19:30:14,잘 읽었습니다,11
351,User27,2024-06-06 19:30:14,2024-06-06 19:30:14,흠...,76
352,User37,2024-06-06 19:30:14,2024-06-06 19:30:14,매우 유익합니다,14
353,User6,2024-06-06 19:30:14,2024-06-06 19:30:14,후속편도 기대됩니다,87
354,User3,2024-06-06 19:30:14,2024-06-06 19:30:14,후속편도 기대됩니다,19
355,User51,2024-06-06 19:30:14,2024-06-06 19:30:14,좋아요,99
356,User67,2024-06-06 19:30:14,2024-06-06 19:30:14,제 인생에 도움이 되었어요^^!,36
357,User12,2024-06-06 19:30:14,2024-06-06 19:30:14,매우 유익합니다,59
358,User68,2024-06-06 19:30:14,2024-06-06 19:30:14,잘 읽었습니다,93
359,User77,2024-06-06 19:30:14,2024-06-06 19:30:14,잘 읽혀요,53
360,User13,2024-06-06 19:30:14,2024-06-06 19:30:14,잘 읽혀요,84
361,User72,2024-06-06 19:30:14,2024-06-06 19:30:14,참고가 되었습니다!,11
362,User97,2024-06-06 19:30:14,2024-06-06 19:30:14,제 인생에 도움이 되었어요^^!,96
363,User14,2024-06-06 19:30:14,2024-06-06 19:30:14,잘 읽혀요,93
364,User11,2024-06-06 19:30:14,2024-06-06 19:30:14,매우 유익합니다,4
365,User33,2024-06-06 19:30:14,2024-06-06 19:30:14,제 인생에 도움이 되었어요^^!,5
366,User20,2024-06-06 19:30:14,2024-06-06 19:30:14,흠...,36
367,User45,2024-06-06 19:30:14,2024-06-06 19:30:14,매우 유익합니다,66
368,User4,2024-06-06 19:30:14,2024-06-06 19:30:14,많은 도움이 되었습니다,47
369,User74,2024-06-06 19:30:14,2024-06-06 19:30:14,이 책 완전 추천합니다,10
370,User61,2024-06-06 19:30:14,2024-06-06 19:30:14,매우 유익합니다,43
371,User79,2024-06-06 19:30:14,2024-06-06 19:30:14,좋아요,66
372,User6,2024-06-06 19:30:14,2024-06-06 19:30:14,더 좋은 글 기대합니다,82
373,User76,2024-06-06 19:30:14,2024-06-06 19:30:14,참고가 되었습니다!,5
374,User18,2024-06-06 19:30:14,2024-06-06 19:30:14,흠...,6
375,User84,2024-06-06 19:30:14,2024-06-06 19:30:14,잘 읽혀요,2
376,User40,2024-06-06 19:30:14,2024-06-06 19:30:14,매우 유익합니다,84
377,User65,2024-06-06 19:30:14,2024-06-06 19:30:14,잘 읽혀요,16
378,User77,2024-06-06 19:30:14,2024-06-06 19:30:14,잘 읽혀요,9
379,User51,2024-06-06 19:30:14,2024-06-06 19:30:14,이 책 완전 추천합니다,29
380,User83,2024-06-06 19:30:14,2024-06-06 19:30:14,많은 도움이 되었습니다,34
381,User41,2024-06-06 19:30:14,2024-06-06 19:30:14,많은 도움이 되었습니다,85
382,User65,2024-06-06 19:30:14,2024-06-06 19:30:14,완전 ~ 필요한 정보였어요,35
383,User76,2024-06-06 19:30:14,2024-06-06 19:30:14,많은 도움이 되었습니다,41
384,User35,2024-06-06 19:30:14,2024-06-06 19:30:14,후속편도 기대됩니다,23
385,User97,2024-06-06 19:30:14,2024-06-06 19:30:14,정말 좋은 글이네요,21
386,User88,2024-06-06 19:30:14,2024-06-06 19:30:14,이 책 완전 추천합니다,41
387,User28,2024-06-06 19:30:14,2024-06-06 19:30:14,매우 유익합니다,0
388,User37,2024-06-06 19:30:14,2024-06-06 19:30:14,후속편도 기대됩니다,81
389,User22,2024-06-06 19:30:14,2024-06-06 19:30:14,더 좋은 글 기대합니다,15
390,User15,2024-06-06 19:30:14,2024-06-06 19:30:14,흠...,75
391,User28,2024-06-06 19:30:14,2024-06-06 19:30:14,많은 도움이 되었습니다,91
392,User11,2024-06-06 19:30:14,2024-06-06 19:30:14,흠...,33
393,User84,2024-06-06 19:30:14,2024-06-06 19:30:14,정말 좋은 글이네요,50
394,User29,2024-06-06 19:30:14,2024-06-06 19:30:14,정말 좋은 글이네요,23
395,User16,2024-06-06 19:30:14,2024-06-06 19:30:14,참고가 되었습니다!,0
396,User71,2024-06-06 19:30:14,2024-06-06 19:30:14,잘 읽혀요,5
397,User21,2024-06-06 19:30:14,2024-06-06 19:30:14,흠...,54
398,User41,2024-06-06 19:30:14,2024-06-06 19:30:14,완전 ~ 필요한 정보였어요,80
399,User5,2024-06-06 19:30:14,2024-06-06 19:30:14,흠...,37
400,User54,2024-06-06 19:30:14,2024-06-06 19:30:14,매우 유익합니다,8
401,User88,2024-06-06 19:30:14,2024-06-06 19:30:14,이 책 완전 추천합니다,39
402,User19,2024-06-06 19:30:14,2024-06-06 19:30:14,매우 유익합니다,78
403,User66,2024-06-06 19:30:14,2024-06-06 19:30:14,흠...,12
404,User55,2024-06-06 19:30:14,2024-06-06 19:30:14,많은 도움이 되었습니다,1
405,User11,2024-06-06 19:30:14,2024-06-06 19:30:14,잘 읽혀요,21
406,User77,2024-06-06 19:30:14,2024-06-06 19:30:14,잘 읽었습니다,77
407,User30,2024-06-06 19:30:14,2024-06-06 19:30:14,정말 좋은 글이네요,50
408,User88,2024-06-06 19:30:14,2024-06-06 19:30:14,흠...,73
409,User67,2024-06-06 19:30:14,2024-06-06 19:30:14,매우 유익합니다,81
410,User17,2024-06-06 19:30:14,2024-06-06 19:30:14,이 책 완전 추천합니다,96
411,User60,2024-06-06 19:30:14,2024-06-06 19:30:14,좋아요,12
412,User15,2024-06-06 19:30:14,2024-06-06 19:30:14,더 좋은 글 기대합니다,80
413,User61,2024-06-06 19:30:14,2024-06-06 19:30:14,잘 읽혀요,47
414,User69,2024-06-06 19:30:14,2024-06-06 19:30:14,흠...,45
415,User37,2024-06-06 19:30:14,2024-06-06 19:30:14,이 책 완전 추천합니다,43
416,User26,2024-06-06 19:30:14,2024-06-06 19:30:14,많은 도움이 되었습니다,67
417,User48,2024-06-06 19:30:14,2024-06-06 19:30:14,참고가 되었습니다!,69
418,User58,2024-06-06 19:30:14,2024-06-06 19:30:14,흠...,62
419,User67,2024-06-06 19:30:14,2024-06-06 19:30:14,완전 ~ 필요한 정보였어요,66
420,User8,2024-06-06 19:30:14,2024-06-06 19:30:14,흠...,83
421,User57,2024-06-06 19:30:14,2024-06-06 19:30:14,흠...,63
422,User7,2024-06-06 19:30:14,2024-06-06 19:30:14,더 좋은 글 기대합니다,5
423,User54,2024-06-06 19:30:14,2024-06-06 19:30:14,잘 읽혀요,48
424,User34,2024-06-06 19:30:14,2024-06-06 19:30:14,후속편도 기대됩니다,7
425,User89,2024-06-06 19:30:14,2024-06-06 19:30:14,매우 유익합니다,87
426,User96,2024-06-06 19:30:14,2024-06-06 19:30:14,좋아요,16
427,User2,2024-06-06 19:30:14,2024-06-06 19:30:14,제 인생에 도움이 되었어요^^!,70
428,User94,2024-06-06 19:30:14,2024-06-06 19:30:14,이 책 완전 추천합니다,85
429,User77,2024-06-06 19:30:14,2024-06-06 19:30:14,후속편도 기대됩니다,98
430,User38,2024-06-06 19:30:14,2024-06-06 19:30:14,제 인생에 도움이 되었어요^^!,27
431,User27,2024-06-06 19:30:14,2024-06-06 19:30:14,많은 도움이 되었습니다,54
432,User4,2024-06-06 19:30:14,2024-06-06 19:30:14,매우 유익합니다,90
433,User40,2024-06-06 19:30:14,2024-06-06 19:30:14,제 인생에 도움이 되었어요^^!,53
434,User89,2024-06-06 19:30:14,2024-06-06 19:30:14,제 인생에 도움이 되었어요^^!,80
435,User2,2024-06-06 19:30:14,2024-06-06 19:30:14,이 책 완전 추천합니다,15
436,User41,2024-06-06 19:30:14,2024-06-06 19:30:14,후속편도 기대됩니다,14
437,User84,2024-06-06 19:30:14,2024-06-06 19:30:14,완전 ~ 필요한 정보였어요,13
438,User63,2024-06-06 19:30:14,2024-06-06 19:30:14,후속편도 기대됩니다,58
439,User82,2024-06-06 19:30:14,2024-06-06 19:30:14,매우 유익합니다,24
440,User30,2024-06-06 19:30:14,2024-06-06 19:30:14,흠...,86
441,User96,2024-06-06 19:30:14,2024-06-06 19:30:14,잘 읽었습니다,60
442,User89,2024-06-06 19:30:14,2024-06-06 19:30:14,참고가 되었습니다!,29
443,User32,2024-06-06 19:30:14,2024-06-06 19:30:14,잘 읽었습니다,35
444,User79,2024-06-06 19:30:14,2024-06-06 19:30:14,흠...,70
445,User60,2024-06-06 19:30:14,2024-06-06 19:30:14,매우 유익합니다,44
446,User48,2024-06-06 19:30:14,2024-06-06 19:30:14,좋아요,71
447,User94,2024-06-06 19:30:14,2024-06-06 19:30:14,좋아요,52
448,User44,2024-06-06 19:30:14,2024-06-06 19:30:14,좋아요,68
449,User48,2024-06-06 19:30:14,2024-06-06 19:30:14,잘 읽었습니다,98
450,User23,2024-06-06 19:30:14,2024-06-06 19:30:14,많은 도움이 되었습니다,27
451,User61,2024-06-06 19:30:14,2024-06-06 19:30:14,흠...,66
452,User97,2024-06-06 19:30:14,2024-06-06 19:30:14,잘 읽혀요,74
453,User24,2024-06-06 19:30:14,2024-06-06 19:30:14,잘 읽었습니다,83
454,User39,2024-06-06 19:30:14,2024-06-06 19:30:14,잘 읽었습니다,39
455,User55,2024-06-06 19:30:14,2024-06-06 19:30:14,더 좋은 글 기대합니다,39
456,User95,2024-06-06 19:30:14,2024-06-06 19:30:14,매우 유익합니다,95
457,User49,2024-06-06 19:30:14,2024-06-06 19:30:14,좋아요,39
458,User76,2024-06-06 19:30:14,2024-06-06 19:30:14,잘 읽었습니다,100
459,User19,2024-06-06 19:30:14,2024-06-06 19:30:14,잘 읽었습니다,59
460,User68,2024-06-06 19:30:14,2024-06-06 19:30:14,완전 ~ 필요한 정보였어요,69
461,User81,2024-06-06 19:30:14,2024-06-06 19:30:14,제 인생에 도움이 되었어요^^!,96
462,User5,2024-06-06 19:30:14,2024-06-06 19:30:14,더 좋은 글 기대합니다,83
463,User25,2024-06-06 19:30:14,2024-06-06 19:30:14,잘 읽혀요,25
464,User40,2024-06-06 19:30:14,2024-06-06 19:30:14,후속편도 기대됩니다,26
465,User88,2024-06-06 19:30:14,2024-06-06 19:30:14,좋아요,17
466,User74,2024-06-06 19:30:14,2024-06-06 19:30:14,잘 읽혀요,54
467,User88,2024-06-06 19:30:14,2024-06-06 19:30:14,더 좋은 글 기대합니다,21
468,User66,2024-06-06 19:30:14,2024-06-06 19:30:14,더 좋은 글 기대합니다,51
469,User22,2024-06-06 19:30:14,2024-06-06 19:30:14,흠...,71
470,User86,2024-06-06 19:30:14,2024-06-06 19:30:14,정말 좋은 글이네요,40
471,User93,2024-06-06 19:30:14,2024-06-06 19:30:14,정말 좋은 글이네요,20
472,User50,2024-06-06 19:30:14,2024-06-06 19:30:14,잘 읽혀요,40
473,User52,2024-06-06 19:30:14,2024-06-06 19:30:14,많은 도움이 되었습니다,36
474,User56,2024-06-06 19:30:14,2024-06-06 19:30:14,잘 읽었습니다,63
475,User2,2024-06-06 19:30:14,2024-06-06 19:30:14,후속편도 기대됩니다,96
476,User6,2024-06-06 19:30:14,2024-06-06 19:30:14,좋아요,88
477,User52,2024-06-06 19:30:14,2024-06-06 19:30:14,흠...,89
478,User87,2024-06-06 19:30:14,2024-06-06 19:30:14,잘 읽혀요,75
479,User96,2024-06-06 19:30:14,2024-06-06 19:30:14,더 좋은 글 기대합니다,8
480,User51,2024-06-06 19:30:14,2024-06-06 19:30:14,매우 유익합니다,26
481,User53,2024-06-06 19:30:14,2024-06-06 19:30:14,정말 좋은 글이네요,53
482,User3,2024-06-06 19:30:14,2024-06-06 19:30:14,잘 읽혀요,0
483,User7,2024-06-06 19:30:14,2024-06-06 19:30:14,후속편도 기대됩니다,67
484,User72,2024-06-06 19:30:14,2024-06-06 19:30:14,흠...,7
485,User39,2024-06-06 19:30:14,2024-06-06 19:30:14,완전 ~ 필요한 정보였어요,61
486,User49,2024-06-06 19:30:14,2024-06-06 19:30:14,참고가 되었습니다!,60
487,User74,2024-06-06 19:30:14,2024-06-06 19:30:14,후속편도 기대됩니다,75
488,User89,2024-06-06 19:30:14,2024-06-06 19:30:14,제 인생에 도움이 되었어요^^!,60
489,User18,2024-06-06 19:30:14,2024-06-06 19:30:14,후속편도 기대됩니다,19
490,User1,2024-06-06 19:30:14,2024-06-06 19:30:14,후속편도 기대됩니다,62
491,User42,2024-06-06 19:30:14,2024-06-06 19:30:14,정말 좋은 글이네요,47
492,User74,2024-06-06 19:30:14,2024-06-06 19:30:14,완전 ~ 필요한 정보였어요,58
493,User74,2024-06-06 19:30:14,2024-06-06 19:30:14,제 인생에 도움이 되었어요^^!,51
494,User11,2024-06-06 19:30:14,2024-06-06 19:30:14,잘 읽혀요,91
495,User8,2024-06-06 19:30:14,2024-06-06 19:30:14,제 인생에 도움이 되었어요^^!,86
496,User85,2024-06-06 19:30:14,2024-06-06 19:30:14,정말 좋은 글이네요,56
497,User94,2024-06-06 19:30:14,2024-06-06 19:30:14,참고가 되었습니다!,96
498,User9,2024-06-06 19:30:14,2024-06-06 19:30:14,좋아요,30
499,User66,2024-06-06 19:30:14,2024-06-06 19:30:14,참고가 되었습니다!,24
500,User76,2024-06-06 19:30:14,2024-06-06 19:30:14,이 책 완전 추천합니다,14
501,User68,2024-06-06 19:30:14,2024-06-06 19:30:14,많은 도움이 되었습니다,92
502,User95,2024-06-06 19:30:14,2024-06-06 19:30:14,후속편도 기대됩니다,82
503,User20,2024-06-06 19:30:14,2024-06-06 19:30:14,참고가 되었습니다!,65
504,User31,2024-06-06 19:30:14,2024-06-06 19:30:14,흠...,49
505,User50,2024-06-06 19:30:14,2024-06-06 19:30:14,참고가 되었습니다!,74
506,User50,2024-06-06 19:30:14,2024-06-06 19:30:14,좋아요,14
507,User100,2024-06-06 19:30:14,2024-06-06 19:30:14,정말 좋은 글이네요,7
508,User100,2024-06-06 19:30:14,2024-06-06 19:30:14,참고가 되었습니다!,48
509,User41,2024-06-06 19:30:14,2024-06-06 19:30:14,참고가 되었습니다!,45
510,User34,2024-06-06 19:30:14,2024-06-06 19:30:14,매우 유익합니다,80
511,User20,2024-06-06 19:30:14,2024-06-06 19:30:14,잘 읽었습니다,82
512,User75,2024-06-06 19:30:14,2024-06-06 19:30:14,정말 좋은 글이네요,59
513,User98,2024-06-06 19:30:14,2024-06-06 19:30:14,이 책 완전 추천합니다,70
514,User39,2024-06-06 19:30:14,2024-06-06 19:30:14,흠...,75
515,User29,2024-06-06 19:30:14,2024-06-06 19:30:14,잘 읽혀요,30
516,User34,2024-06-06 19:30:14,2024-06-06 19:30:14,잘 읽혀요,57
517,User58,2024-06-06 19:30:14,2024-06-06 19:30:14,후속편도 기대됩니다,40
518,User10,2024-06-06 19:30:14,2024-06-06 19:30:14,제 인생에 도움이 되었어요^^!,30
519,User68,2024-06-06 19:30:14,2024-06-06 19:30:14,더 좋은 글 기대합니다,75
520,User57,2024-06-06 19:30:14,2024-06-06 19:30:14,정말 좋은 글이네요,91
521,User91,2024-06-06 19:30:14,2024-06-06 19:30:14,참고가 되었습니다!,93
522,User32,2024-06-06 19:30:14,2024-06-06 19:30:14,좋아요,20
523,User19,2024-06-06 19:30:14,2024-06-06 19:30:14,매우 유익합니다,27
524,User96,2024-06-06 19:30:14,2024-06-06 19:30:14,잘 읽혀요,28
525,User58,2024-06-06 19:30:14,2024-06-06 19:30:14,많은 도움이 되었습니다,86
526,User94,2024-06-06 19:30:14,2024-06-06 19:30:14,매우 유익합니다,34
527,User46,2024-06-06 19:30:14,2024-06-06 19:30:14,잘 읽었습니다,86
528,User21,2024-06-06 19:30:14,2024-06-06 19:30:14,잘 읽었습니다,9
529,User10,2024-06-06 19:30:14,2024-06-06 19:30:14,좋아요,17
530,User17,2024-06-06 19:30:14,2024-06-06 19:30:14,흠...,49
531,User4,2024-06-06 19:30:14,2024-06-06 19:30:14,좋아요,57
532,User12,2024-06-06 19:30:14,2024-06-06 19:30:14,잘 읽혀요,99
533,User83,2024-06-06 19:30:14,2024-06-06 19:30:14,잘 읽었습니다,99
534,User9,2024-06-06 19:30:14,2024-06-06 19:30:14,많은 도움이 되었습니다,61
535,User78,2024-06-06 19:30:14,2024-06-06 19:30:14,매우 유익합니다,67
536,User79,2024-06-06 19:30:14,2024-06-06 19:30:14,완전 ~ 필요한 정보였어요,1
537,User52,2024-06-06 19:30:14,2024-06-06 19:30:14,좋아요,42
538,User54,2024-06-06 19:30:14,2024-06-06 19:30:14,잘 읽었습니다,94
539,User6,2024-06-06 19:30:14,2024-06-06 19:30:14,더 좋은 글 기대합니다,78
540,User62,2024-06-06 19:30:14,2024-06-06 19:30:14,좋아요,87
541,User82,2024-06-06 19:30:14,2024-06-06 19:30:14,참고가 되었습니다!,47
542,User36,2024-06-06 19:30:14,2024-06-06 19:30:14,제 인생에 도움이 되었어요^^!,0
543,User34,2024-06-06 19:30:14,2024-06-06 19:30:14,좋아요,71
544,User3,2024-06-06 19:30:14,2024-06-06 19:30:14,좋아요,73
545,User15,2024-06-06 19:30:14,2024-06-06 19:30:14,완전 ~ 필요한 정보였어요,28
546,User99,2024-06-06 19:30:14,2024-06-06 19:30:14,잘 읽혀요,40
547,User96,2024-06-06 19:30:14,2024-06-06 19:30:14,참고가 되었습니다!,16
548,User6,2024-06-06 19:30:14,2024-06-06 19:30:14,제 인생에 도움이 되었어요^^!,85
549,User50,2024-06-06 19:30:14,2024-06-06 19:30:14,매우 유익합니다,90
550,User93,2024-06-06 19:30:14,2024-06-06 19:30:14,참고가 되었습니다!,72
551,User99,2024-06-06 19:30:14,2024-06-06 19:30:14,제 인생에 도움이 되었어요^^!,61
552,User79,2024-06-06 19:30:14,2024-06-06 19:30:14,좋아요,38
553,User56,2024-06-06 19:30:14,2024-06-06 19:30:14,제 인생에 도움이 되었어요^^!,63
554,User39,2024-06-06 19:30:14,2024-06-06 19:30:14,잘 읽혀요,94
555,User14,2024-06-06 19:30:14,2024-06-06 19:30:14,잘 읽었습니다,54
556,User6,2024-06-06 19:30:14,2024-06-06 19:30:14,잘 읽혀요,73
557,User4,2024-06-06 19:30:14,2024-06-06 19:30:14,매우 유익합니다,11
558,User63,2024-06-06 19:30:14,2024-06-06 19:30:14,제 인생에 도움이 되었어요^^!,35
559,User70,2024-06-06 19:30:14,2024-06-06 19:30:14,많은 도움이 되었습니다,86
560,User16,2024-06-06 19:30:14,2024-06-06 19:30:14,흠...,37
561,User37,2024-06-06 19:30:14,2024-06-06 19:30:14,완전 ~ 필요한 정보였어요,97
562,User99,2024-06-06 19:30:14,2024-06-06 19:30:14,완전 ~ 필요한 정보였어요,75
563,User41,2024-06-06 19:30:14,2024-06-06 19:30:14,잘 읽었습니다,12
564,User100,2024-06-06 19:30:14,2024-06-06 19:30:14,제 인생에 도움이 되었어요^^!,3
565,User29,2024-06-06 19:30:14,2024-06-06 19:30:14,후속편도 기대됩니다,7
566,User1,2024-06-06 19:30:14,2024-06-06 19:30:14,이 책 완전 추천합니다,9
567,User88,2024-06-06 19:30:14,2024-06-06 19:30:14,완전 ~ 필요한 정보였어요,40
568,User28,2024-06-06 19:30:14,2024-06-06 19:30:14,이 책 완전 추천합니다,23
569,User15,2024-06-06 19:30:14,2024-06-06 19:30:14,완전 ~ 필요한 정보였어요,36
570,User60,2024-06-06 19:30:14,2024-06-06 19:30:14,정말 좋은 글이네요,11
571,User66,2024-06-06 19:30:14,2024-06-06 19:30:14,더 좋은 글 기대합니다,62
572,User7,2024-06-06 19:30:14,2024-06-06 19:30:14,완전 ~ 필요한 정보였어요,94
573,User85,2024-06-06 19:30:14,2024-06-06 19:30:14,참고가 되었습니다!,9
574,User34,2024-06-06 19:30:14,2024-06-06 19:30:14,더 좋은 글 기대합니다,6
575,User71,2024-06-06 19:30:14,2024-06-06 19:30:14,완전 ~ 필요한 정보였어요,56
576,User54,2024-06-06 19:30:14,2024-06-06 19:30:14,완전 ~ 필요한 정보였어요,45
577,User16,2024-06-06 19:30:14,2024-06-06 19:30:14,정말 좋은 글이네요,77
578,User47,2024-06-06 19:30:14,2024-06-06 19:30:14,완전 ~ 필요한 정보였어요,30
579,User97,2024-06-06 19:30:14,2024-06-06 19:30:14,잘 읽었습니다,92
580,User74,2024-06-06 19:30:14,2024-06-06 19:30:14,참고가 되었습니다!,25
581,User52,2024-06-06 19:30:14,2024-06-06 19:30:14,완전 ~ 필요한 정보였어요,50
582,User13,2024-06-06 19:30:14,2024-06-06 19:30:14,참고가 되었습니다!,27
583,User6,2024-06-06 19:30:14,2024-06-06 19:30:14,후속편도 기대됩니다,76
584,User9,2024-06-06 19:30:14,2024-06-06 19:30:14,잘 읽혀요,85
585,User81,2024-06-06 19:30:14,2024-06-06 19:30:14,완전 ~ 필요한 정보였어요,28
586,User1,2024-06-06 19:30:14,2024-06-06 19:30:14,좋아요,100
587,User58,2024-06-06 19:30:14,2024-06-06 19:30:14,완전 ~ 필요한 정보였어요,52
588,User94,2024-06-06 19:30:14,2024-06-06 19:30:14,잘 읽혀요,22
589,User26,2024-06-06 19:30:14,2024-06-06 19:30:14,이 책 완전 추천합니다,74
590,User59,2024-06-06 19:30:14,2024-06-06 19:30:14,이 책 완전 추천합니다,74
591,User61,2024-06-06 19:30:14,2024-06-06 19:30:14,완전 ~ 필요한 정보였어요,99
592,User29,2024-06-06 19:30:14,2024-06-06 19:30:14,이 책 완전 추천합니다,96
593,User7,2024-06-06 19:30:14,2024-06-06 19:30:14,제 인생에 도움이 되었어요^^!,16
594,User27,2024-06-06 19:30:14,2024-06-06 19:30:14,좋아요,81
595,User12,2024-06-06 19:30:14,2024-06-06 19:30:14,많은 도움이 되었습니다,18
596,User86,2024-06-06 19:30:14,2024-06-06 19:30:14,흠...,10
597,User22,2024-06-06 19:30:14,2024-06-06 19:30:14,제 인생에 도움이 되었어요^^!,83
598,User15,2024-06-06 19:30:14,2024-06-06 19:30:14,참고가 되었습니다!,47
599,User32,2024-06-06 19:30:14,2024-06-06 19:30:14,완전 ~ 필요한 정보였어요,3
600,User55,2024-06-06 19:30:14,2024-06-06 19:30:14,이 책 완전 추천합니다,27
601,User96,2024-06-06 19:30:14,2024-06-06 19:30:14,완전 ~ 필요한 정보였어요,95
602,User66,2024-06-06 19:30:14,2024-06-06 19:30:14,더 좋은 글 기대합니다,43
603,User93,2024-06-06 19:30:14,2024-06-06 19:30:14,참고가 되었습니다!,56
604,User76,2024-06-06 19:30:14,2024-06-06 19:30:14,제 인생에 도움이 되었어요^^!,87
605,User87,2024-06-06 19:30:14,2024-06-06 19:30:14,많은 도움이 되었습니다,81
606,User43,2024-06-06 19:30:14,2024-06-06 19:30:14,더 좋은 글 기대합니다,85
607,User93,2024-06-06 19:30:14,2024-06-06 19:30:14,많은 도움이 되었습니다,32
608,User29,2024-06-06 19:30:14,2024-06-06 19:30:14,매우 유익합니다,12
609,User10,2024-06-06 19:30:14,2024-06-06 19:30:14,정말 좋은 글이네요,49
610,User60,2024-06-06 19:30:14,2024-06-06 19:30:14,참고가 되었습니다!,88
611,User28,2024-06-06 19:30:14,2024-06-06 19:30:14,제 인생에 도움이 되었어요^^!,73
612,User99,2024-06-06 19:30:14,2024-06-06 19:30:14,이 책 완전 추천합니다,73
613,User93,2024-06-06 19:30:14,2024-06-06 19:30:14,잘 읽혀요,39
614,User81,2024-06-06 19:30:14,2024-06-06 19:30:14,매우 유익합니다,10
615,User87,2024-06-06 19:30:14,2024-06-06 19:30:14,더 좋은 글 기대합니다,7
616,User99,2024-06-06 19:30:14,2024-06-06 19:30:14,이 책 완전 추천합니다,95
617,User93,2024-06-06 19:30:14,2024-06-06 19:30:14,잘 읽혀요,38
618,User14,2024-06-06 19:30:14,2024-06-06 19:30:14,더 좋은 글 기대합니다,65
619,User78,2024-06-06 19:30:14,2024-06-06 19:30:14,더 좋은 글 기대합니다,47
620,User28,2024-06-06 19:30:14,2024-06-06 19:30:14,흠...,30
621,User36,2024-06-06 19:30:14,2024-06-06 19:30:14,완전 ~ 필요한 정보였어요,11
622,User23,2024-06-06 19:30:14,2024-06-06 19:30:14,많은 도움이 되었습니다,31
623,User16,2024-06-06 19:30:14,2024-06-06 19:30:14,정말 좋은 글이네요,45
624,User42,2024-06-06 19:30:14,2024-06-06 19:30:14,참고가 되었습니다!,55
625,User24,2024-06-06 19:30:14,2024-06-06 19:30:14,정말 좋은 글이네요,83
626,User17,2024-06-06 19:30:14,2024-06-06 19:30:14,좋아요,86
627,User5,2024-06-06 19:30:14,2024-06-06 19:30:14,더 좋은 글 기대합니다,25
628,User81,2024-06-06 19:30:14,2024-06-06 19:30:14,더 좋은 글 기대합니다,92
629,User84,2024-06-06 19:30:14,2024-06-06 19:30:14,많은 도움이 되었습니다,30
630,User13,2024-06-06 19:30:14,2024-06-06 19:30:14,잘 읽혀요,18
631,User50,2024-06-06 19:30:14,2024-06-06 19:30:14,더 좋은 글 기대합니다,12
632,User83,2024-06-06 19:30:14,2024-06-06 19:30:14,잘 읽었습니다,96
633,User37,2024-06-06 19:30:14,2024-06-06 19:30:14,잘 읽혀요,71
634,User43,2024-06-06 19:30:14,2024-06-06 19:30:14,많은 도움이 되었습니다,93
635,User85,2024-06-06 19:30:14,2024-06-06 19:30:14,매우 유익합니다,74
636,User72,2024-06-06 19:30:14,2024-06-06 19:30:14,잘 읽었습니다,87
637,User49,2024-06-06 19:30:14,2024-06-06 19:30:14,잘 읽혀요,80
638,User82,2024-06-06 19:30:14,2024-06-06 19:30:14,제 인생에 도움이 되었어요^^!,58
639,User58,2024-06-06 19:30:14,2024-06-06 19:30:14,흠...,28
640,User38,2024-06-06 19:30:14,2024-06-06 19:30:14,잘 읽혀요,81
641,User2,2024-06-06 19:30:14,2024-06-06 19:30:14,많은 도움이 되었습니다,43
642,User2,2024-06-06 19:30:14,2024-06-06 19:30:14,많은 도움이 되었습니다,5
643,User98,2024-06-06 19:30:14,2024-06-06 19:30:14,제 인생에 도움이 되었어요^^!,56
644,User35,2024-06-06 19:30:14,2024-06-06 19:30:14,많은 도움이 되었습니다,59
645,User20,2024-06-06 19:30:14,2024-06-06 19:30:14,흠...,58
646,User29,2024-06-06 19:30:14,2024-06-06 19:30:14,완전 ~ 필요한 정보였어요,77
647,User24,2024-06-06 19:30:14,2024-06-06 19:30:14,잘 읽었습니다,68
648,User88,2024-06-06 19:30:14,2024-06-06 19:30:14,더 좋은 글 기대합니다,25
649,User69,2024-06-06 19:30:14,2024-06-06 19:30:14,제 인생에 도움이 되었어요^^!,22
650,User28,2024-06-06 19:30:14,2024-06-06 19:30:14,완전 ~ 필요한 정보였어요,92
651,User89,2024-06-06 19:30:14,2024-06-06 19:30:14,흠...,77
652,User43,2024-06-06 19:30:14,2024-06-06 19:30:14,많은 도움이 되었습니다,76
653,User80,2024-06-06 19:30:14,2024-06-06 19:30:14,이 책 완전 추천합니다,99
654,User61,2024-06-06 19:30:14,2024-06-06 19:30:14,정말 좋은 글이네요,49
655,User30,2024-06-06 19:30:14,2024-06-06 19:30:14,완전 ~ 필요한 정보였어요,24
656,User12,2024-06-06 19:30:14,2024-06-06 19:30:14,이 책 완전 추천합니다,34
657,User17,2024-06-06 19:30:14,2024-06-06 19:30:14,흠...,56
658,User71,2024-06-06 19:30:14,2024-06-06 19:30:14,좋아요,0
659,User70,2024-06-06 19:30:14,2024-06-06 19:30:14,잘 읽혀요,35
660,User30,2024-06-06 19:30:14,2024-06-06 19:30:14,흠...,99
661,User11,2024-06-06 19:30:14,2024-06-06 19:30:14,많은 도움이 되었습니다,76
662,User47,2024-06-06 19:30:14,2024-06-06 19:30:14,더 좋은 글 기대합니다,86
663,User35,2024-06-06 19:30:14,2024-06-06 19:30:14,제 인생에 도움이 되었어요^^!,74
664,User44,2024-06-06 19:30:14,2024-06-06 19:30:14,잘 읽었습니다,5
665,User52,2024-06-06 19:30:14,2024-06-06 19:30:14,제 인생에 도움이 되었어요^^!,52
666,User84,2024-06-06 19:30:14,2024-06-06 19:30:14,더 좋은 글 기대합니다,96
667,User87,2024-06-06 19:30:14,2024-06-06 19:30:14,좋아요,7
668,User44,2024-06-06 19:30:14,2024-06-06 19:30:14,많은 도움이 되었습니다,70
669,User23,2024-06-06 19:30:14,2024-06-06 19:30:14,후속편도 기대됩니다,13
670,User92,2024-06-06 19:30:14,2024-06-06 19:30:14,좋아요,62
671,User45,2024-06-06 19:30:14,2024-06-06 19:30:14,후속편도 기대됩니다,32
672,User54,2024-06-06 19:30:14,2024-06-06 19:30:14,더 좋은 글 기대합니다,11
673,User29,2024-06-06 19:30:14,2024-06-06 19:30:14,참고가 되었습니다!,98
674,User11,2024-06-06 19:30:14,2024-06-06 19:30:14,이 책 완전 추천합니다,59
675,User83,2024-06-06 19:30:14,2024-06-06 19:30:14,잘 읽었습니다,5
676,User65,2024-06-06 19:30:14,2024-06-06 19:30:14,많은 도움이 되었습니다,8
677,User86,2024-06-06 19:30:14,2024-06-06 19:30:14,흠...,1
678,User21,2024-06-06 19:30:14,2024-06-06 19:30:14,흠...,95
679,User78,2024-06-06 19:30:14,2024-06-06 19:30:14,후속편도 기대됩니다,31
680,User22,2024-06-06 19:30:14,2024-06-06 19:30:14,잘 읽혀요,52
681,User22,2024-06-06 19:30:14,2024-06-06 19:30:14,완전 ~ 필요한 정보였어요,63
682,User71,2024-06-06 19:30:14,2024-06-06 19:30:14,흠...,29
683,User42,2024-06-06 19:30:14,2024-06-06 19:30:14,이 책 완전 추천합니다,35
684,User78,2024-06-06 19:30:14,2024-06-06 19:30:14,많은 도움이 되었습니다,73
685,User26,2024-06-06 19:30:14,2024-06-06 19:30:14,좋아요,71
686,User23,2024-06-06 19:30:14,2024-06-06 19:30:14,참고가 되었습니다!,16
687,User35,2024-06-06 19:30:14,2024-06-06 19:30:14,더 좋은 글 기대합니다,33
688,User92,2024-06-06 19:30:14,2024-06-06 19:30:14,잘 읽었습니다,93
689,User92,2024-06-06 19:30:14,2024-06-06 19:30:14,좋아요,30
690,User1,2024-06-06 19:30:14,2024-06-06 19:30:14,완전 ~ 필요한 정보였어요,97
691,User43,2024-06-06 19:30:14,2024-06-06 19:30:14,완전 ~ 필요한 정보였어요,4
692,User96,2024-06-06 19:30:14,2024-06-06 19:30:14,잘 읽혀요,28
693,User60,2024-06-06 19:30:14,2024-06-06 19:30:14,완전 ~ 필요한 정보였어요,31
694,User18,2024-06-06 19:30:14,2024-06-06 19:30:14,참고가 되었습니다!,57
695,User3,2024-06-06 19:30:14,2024-06-06 19:30:14,정말 좋은 글이네요,7
696,User28,2024-06-06 19:30:14,2024-06-06 19:30:14,참고가 되었습니다!,18
697,User15,2024-06-06 19:30:14,2024-06-06 19:30:14,많은 도움이 되었습니다,28
698,User84,2024-06-06 19:30:14,2024-06-06 19:30:14,매우 유익합니다,51
699,User35,2024-06-06 19:30:14,2024-06-06 19:30:14,정말 좋은 글이네요,78
700,User34,2024-06-06 19:30:14,2024-06-06 19:30:14,더 좋은 글 기대합니다,27
701,User33,2024-06-06 19:30:14,2024-06-06 19:30:14,흠...,70
702,User38,2024-06-06 19:30:14,2024-06-06 19:30:14,정말 좋은 글이네요,89
703,User99,2024-06-06 19:30:14,2024-06-06 19:30:14,정말 좋은 글이네요,47
704,User30,2024-06-06 19:30:14,2024-06-06 19:30:14,더 좋은 글 기대합니다,12
705,User14,2024-06-06 19:30:14,2024-06-06 19:30:14,후속편도 기대됩니다,100
706,User15,2024-06-06 19:30:14,2024-06-06 19:30:14,제 인생에 도움이 되었어요^^!,93
707,User76,2024-06-06 19:30:14,2024-06-06 19:30:14,완전 ~ 필요한 정보였어요,100
708,User73,2024-06-06 19:30:14,2024-06-06 19:30:14,많은 도움이 되었습니다,70
709,User6,2024-06-06 19:30:14,2024-06-06 19:30:14,매우 유익합니다,10
710,User20,2024-06-06 19:30:14,2024-06-06 19:30:14,제 인생에 도움이 되었어요^^!,31
711,User22,2024-06-06 19:30:14,2024-06-06 19:30:14,참고가 되었습니다!,89
712,User20,2024-06-06 19:30:14,2024-06-06 19:30:14,많은 도움이 되었습니다,58
713,User57,2024-06-06 19:30:14,2024-06-06 19:30:14,완전 ~ 필요한 정보였어요,23
714,User73,2024-06-06 19:30:14,2024-06-06 19:30:14,후속편도 기대됩니다,32
715,User83,2024-06-06 19:30:14,2024-06-06 19:30:14,제 인생에 도움이 되었어요^^!,34
716,User23,2024-06-06 19:30:14,2024-06-06 19:30:14,참고가 되었습니다!,44
717,User54,2024-06-06 19:30:14,2024-06-06 19:30:14,후속편도 기대됩니다,47
718,User20,2024-06-06 19:30:14,2024-06-06 19:30:14,잘 읽었습니다,48
719,User14,2024-06-06 19:30:14,2024-06-06 19:30:14,제 인생에 도움이 되었어요^^!,8
720,User40,2024-06-06 19:30:14,2024-06-06 19:30:14,완전 ~ 필요한 정보였어요,89
721,User78,2024-06-06 19:30:14,2024-06-06 19:30:14,이 책 완전 추천합니다,44
722,User93,2024-06-06 19:30:14,2024-06-06 19:30:14,매우 유익합니다,59
723,User95,2024-06-06 19:30:14,2024-06-06 19:30:14,후속편도 기대됩니다,98
724,User8,2024-06-06 19:30:14,2024-06-06 19:30:14,매우 유익합니다,85
725,User98,2024-06-06 19:30:14,2024-06-06 19:30:14,후속편도 기대됩니다,39
726,User82,2024-06-06 19:30:14,2024-06-06 19:30:14,많은 도움이 되었습니다,43
727,User77,2024-06-06 19:30:14,2024-06-06 19:30:14,잘 읽었습니다,19
728,User99,2024-06-06 19:30:14,2024-06-06 19:30:14,이 책 완전 추천합니다,56
729,User89,2024-06-06 19:30:14,2024-06-06 19:30:14,완전 ~ 필요한 정보였어요,91
730,User7,2024-06-06 19:30:14,2024-06-06 19:30:14,좋아요,66
731,User48,2024-06-06 19:30:14,2024-06-06 19:30:14,잘 읽혀요,15
732,User43,2024-06-06 19:30:14,2024-06-06 19:30:14,이 책 완전 추천합니다,70
733,User20,2024-06-06 19:30:14,2024-06-06 19:30:14,잘 읽었습니다,24
734,User32,2024-06-06 19:30:14,2024-06-06 19:30:14,더 좋은 글 기대합니다,89
735,User61,2024-06-06 19:30:14,2024-06-06 19:30:14,많은 도움이 되었습니다,48
736,User58,2024-06-06 19:30:14,2024-06-06 19:30:14,잘 읽혀요,63
737,User32,2024-06-06 19:30:14,2024-06-06 19:30:14,잘 읽혀요,42
738,User96,2024-06-06 19:30:14,2024-06-06 19:30:14,잘 읽혀요,1
739,User22,2024-06-06 19:30:14,2024-06-06 19:30:14,흠...,9
740,User12,2024-06-06 19:30:14,2024-06-06 19:30:14,참고가 되었습니다!,75
741,User36,2024-06-06 19:30:14,2024-06-06 19:30:14,정말 좋은 글이네요,48
742,User7,2024-06-06 19:30:14,2024-06-06 19:30:14,완전 ~ 필요한 정보였어요,76
743,User57,2024-06-06 19:30:14,2024-06-06 19:30:14,좋아요,39
744,User55,2024-06-06 19:30:14,2024-06-06 19:30:14,제 인생에 도움이 되었어요^^!,68
745,User96,2024-06-06 19:30:14,2024-06-06 19:30:14,좋아요,72
746,User35,2024-06-06 19:30:14,2024-06-06 19:30:14,후속편도 기대됩니다,23
747,User85,2024-06-06 19:30:14,2024-06-06 19:30:14,잘 읽었습니다,37
748,User56,2024-06-06 19:30:14,2024-06-06 19:30:14,잘 읽었습니다,95
749,User39,2024-06-06 19:30:14,2024-06-06 19:30:14,제 인생에 도움이 되었어요^^!,23
750,User56,2024-06-06 19:30:14,2024-06-06 19:30:14,좋아요,62
751,User3,2024-06-06 19:30:14,2024-06-06 19:30:14,좋아요,45
752,User38,2024-06-06 19:30:14,2024-06-06 19:30:14,후속편도 기대됩니다,32
753,User24,2024-06-06 19:30:14,2024-06-06 19:30:14,매우 유익합니다,65
754,User22,2024-06-06 19:30:14,2024-06-06 19:30:14,후속편도 기대됩니다,80
755,User13,2024-06-06 19:30:14,2024-06-06 19:30:14,더 좋은 글 기대합니다,95
756,User34,2024-06-06 19:30:14,2024-06-06 19:30:14,좋아요,16
757,User49,2024-06-06 19:30:14,2024-06-06 19:30:14,완전 ~ 필요한 정보였어요,53
758,User24,2024-06-06 19:30:14,2024-06-06 19:30:14,더 좋은 글 기대합니다,99
759,User91,2024-06-06 19:30:14,2024-06-06 19:30:14,많은 도움이 되었습니다,22
760,User33,2024-06-06 19:30:14,2024-06-06 19:30:14,매우 유익합니다,30
761,User25,2024-06-06 19:30:14,2024-06-06 19:30:14,완전 ~ 필요한 정보였어요,34
762,User66,2024-06-06 19:30:14,2024-06-06 19:30:14,잘 읽었습니다,8
763,User45,2024-06-06 19:30:14,2024-06-06 19:30:14,제 인생에 도움이 되었어요^^!,69
764,User32,2024-06-06 19:30:14,2024-06-06 19:30:14,좋아요,1
765,User50,2024-06-06 19:30:14,2024-06-06 19:30:14,잘 읽었습니다,48
766,User2,2024-06-06 19:30:14,2024-06-06 19:30:14,좋아요,69
767,User16,2024-06-06 19:30:14,2024-06-06 19:30:14,제 인생에 도움이 되었어요^^!,41
768,User99,2024-06-06 19:30:14,2024-06-06 19:30:14,잘 읽혀요,8
769,User11,2024-06-06 19:30:14,2024-06-06 19:30:14,흠...,89
770,User60,2024-06-06 19:30:14,2024-06-06 19:30:14,완전 ~ 필요한 정보였어요,33
771,User36,2024-06-06 19:30:14,2024-06-06 19:30:14,매우 유익합니다,93
772,User44,2024-06-06 19:30:14,2024-06-06 19:30:14,정말 좋은 글이네요,56
773,User6,2024-06-06 19:30:14,2024-06-06 19:30:14,완전 ~ 필요한 정보였어요,52
774,User21,2024-06-06 19:30:14,2024-06-06 19:30:14,잘 읽혀요,7
775,User4,2024-06-06 19:30:14,2024-06-06 19:30:14,제 인생에 도움이 되었어요^^!,91
776,User85,2024-06-06 19:30:14,2024-06-06 19:30:14,후속편도 기대됩니다,43
777,User49,2024-06-06 19:30:14,2024-06-06 19:30:14,정말 좋은 글이네요,7
778,User31,2024-06-06 19:30:14,2024-06-06 19:30:14,정말 좋은 글이네요,23
779,User81,2024-06-06 19:30:14,2024-06-06 19:30:14,잘 읽혀요,35
780,User97,2024-06-06 19:30:14,2024-06-06 19:30:14,많은 도움이 되었습니다,69
781,User90,2024-06-06 19:30:14,2024-06-06 19:30:14,정말 좋은 글이네요,57
782,User58,2024-06-06 19:30:14,2024-06-06 19:30:14,이 책 완전 추천합니다,28
783,User36,2024-06-06 19:30:14,2024-06-06 19:30:14,이 책 완전 추천합니다,58
784,User83,2024-06-06 19:30:14,2024-06-06 19:30:14,더 좋은 글 기대합니다,68
785,User40,2024-06-06 19:30:14,2024-06-06 19:30:14,참고가 되었습니다!,48
786,User48,2024-06-06 19:30:14,2024-06-06 19:30:14,좋아요,95
787,User55,2024-06-06 19:30:14,2024-06-06 19:30:14,완전 ~ 필요한 정보였어요,56
788,User64,2024-06-06 19:30:14,2024-06-06 19:30:14,매우 유익합니다,43
789,User20,2024-06-06 19:30:14,2024-06-06 19:30:14,좋아요,65
790,User56,2024-06-06 19:30:14,2024-06-06 19:30:14,잘 읽었습니다,9
791,User73,2024-06-06 19:30:14,2024-06-06 19:30:14,더 좋은 글 기대합니다,54
792,User14,2024-06-06 19:30:14,2024-06-06 19:30:14,제 인생에 도움이 되었어요^^!,60
793,User16,2024-06-06 19:30:14,2024-06-06 19:30:14,흠...,32
794,User46,2024-06-06 19:30:14,2024-06-06 19:30:14,제 인생에 도움이 되었어요^^!,46
795,User15,2024-06-06 19:30:14,2024-06-06 19:30:14,많은 도움이 되었습니다,89
796,User24,2024-06-06 19:30:14,2024-06-06 19:30:14,더 좋은 글 기대합니다,36
797,User49,2024-06-06 19:30:14,2024-06-06 19:30:14,참고가 되었습니다!,57
798,User3,2024-06-06 19:30:14,2024-06-06 19:30:14,매우 유익합니다,40
799,User9,2024-06-06 19:30:14,2024-06-06 19:30:14,참고가 되었습니다!,16
800,User40,2024-06-06 19:30:14,2024-06-06 19:30:14,제 인생에 도움이 되었어요^^!,83
801,User27,2024-06-06 19:30:14,2024-06-06 19:30:14,매우 유익합니다,39
802,User71,2024-06-06 19:30:14,2024-06-06 19:30:14,흠...,48
803,User38,2024-06-06 19:30:14,2024-06-06 19:30:14,이 책 완전 추천합니다,54
804,User82,2024-06-06 19:30:14,2024-06-06 19:30:14,제 인생에 도움이 되었어요^^!,5
805,User2,2024-06-06 19:30:14,2024-06-06 19:30:14,완전 ~ 필요한 정보였어요,41
806,User31,2024-06-06 19:30:14,2024-06-06 19:30:14,후속편도 기대됩니다,30
807,User71,2024-06-06 19:30:14,2024-06-06 19:30:14,정말 좋은 글이네요,57
808,User55,2024-06-06 19:30:14,2024-06-06 19:30:14,잘 읽혀요,97
809,User51,2024-06-06 19:30:14,2024-06-06 19:30:14,더 좋은 글 기대합니다,43
810,User17,2024-06-06 19:30:14,2024-06-06 19:30:14,더 좋은 글 기대합니다,19
811,User20,2024-06-06 19:30:14,2024-06-06 19:30:14,완전 ~ 필요한 정보였어요,17
812,User55,2024-06-06 19:30:14,2024-06-06 19:30:14,참고가 되었습니다!,2
813,User77,2024-06-06 19:30:14,2024-06-06 19:30:14,흠...,26
814,User43,2024-06-06 19:30:14,2024-06-06 19:30:14,이 책 완전 추천합니다,74
815,User80,2024-06-06 19:30:14,2024-06-06 19:30:14,많은 도움이 되었습니다,95
816,User77,2024-06-06 19:30:14,2024-06-06 19:30:14,제 인생에 도움이 되었어요^^!,35
817,User53,2024-06-06 19:30:14,2024-06-06 19:30:14,제 인생에 도움이 되었어요^^!,88
818,User100,2024-06-06 19:30:14,2024-06-06 19:30:14,완전 ~ 필요한 정보였어요,4
819,User11,2024-06-06 19:30:14,2024-06-06 19:30:14,참고가 되었습니다!,34
820,User17,2024-06-06 19:30:14,2024-06-06 19:30:14,매우 유익합니다,78
821,User77,2024-06-06 19:30:14,2024-06-06 19:30:14,흠...,96
822,User34,2024-06-06 19:30:14,2024-06-06 19:30:14,더 좋은 글 기대합니다,98
823,User64,2024-06-06 19:30:14,2024-06-06 19:30:14,더 좋은 글 기대합니다,1
824,User13,2024-06-06 19:30:14,2024-06-06 19:30:14,매우 유익합니다,54
825,User22,2024-06-06 19:30:14,2024-06-06 19:30:14,제 인생에 도움이 되었어요^^!,7
826,User63,2024-06-06 19:30:14,2024-06-06 19:30:14,후속편도 기대됩니다,38
827,User28,2024-06-06 19:30:14,2024-06-06 19:30:14,제 인생에 도움이 되었어요^^!,20
828,User93,2024-06-06 19:30:14,2024-06-06 19:30:14,흠...,44
829,User14,2024-06-06 19:30:14,2024-06-06 19:30:14,좋아요,78
830,User98,2024-06-06 19:30:14,2024-06-06 19:30:14,이 책 완전 추천합니다,60
831,User56,2024-06-06 19:30:14,2024-06-06 19:30:14,더 좋은 글 기대합니다,84
832,User17,2024-06-06 19:30:14,2024-06-06 19:30:14,참고가 되었습니다!,15
833,User69,2024-06-06 19:30:14,2024-06-06 19:30:14,잘 읽혀요,73
834,User96,2024-06-06 19:30:14,2024-06-06 19:30:14,흠...,89
835,User32,2024-06-06 19:30:14,2024-06-06 19:30:14,정말 좋은 글이네요,39
836,User60,2024-06-06 19:30:14,2024-06-06 19:30:14,이 책 완전 추천합니다,15
837,User16,2024-06-06 19:30:14,2024-06-06 19:30:14,매우 유익합니다,30
838,User32,2024-06-06 19:30:14,2024-06-06 19:30:14,많은 도움이 되었습니다,9
839,User54,2024-06-06 19:30:14,2024-06-06 19:30:14,매우 유익합니다,49
840,User92,2024-06-06 19:30:14,2024-06-06 19:30:14,참고가 되었습니다!,76
841,User65,2024-06-06 19:30:14,2024-06-06 19:30:14,잘 읽었습니다,6
842,User54,2024-06-06 19:30:14,2024-06-06 19:30:14,후속편도 기대됩니다,75
843,User62,2024-06-06 19:30:14,2024-06-06 19:30:14,참고가 되었습니다!,83
844,User83,2024-06-06 19:30:14,2024-06-06 19:30:14,잘 읽혀요,9
845,User19,2024-06-06 19:30:14,2024-06-06 19:30:14,이 책 완전 추천합니다,74
846,User59,2024-06-06 19:30:14,2024-06-06 19:30:14,후속편도 기대됩니다,32
847,User45,2024-06-06 19:30:14,2024-06-06 19:30:14,잘 읽었습니다,24
848,User12,2024-06-06 19:30:14,2024-06-06 19:30:14,잘 읽혀요,16
849,User14,2024-06-06 19:30:14,2024-06-06 19:30:14,후속편도 기대됩니다,18
850,User40,2024-06-06 19:30:14,2024-06-06 19:30:14,더 좋은 글 기대합니다,41
851,User50,2024-06-06 19:30:14,2024-06-06 19:30:14,후속편도 기대됩니다,90
852,User7,2024-06-06 19:30:14,2024-06-06 19:30:14,잘 읽혀요,38
853,User81,2024-06-06 19:30:14,2024-06-06 19:30:14,더 좋은 글 기대합니다,33
854,User44,2024-06-06 19:30:14,2024-06-06 19:30:14,흠...,70
855,User49,2024-06-06 19:30:14,2024-06-06 19:30:14,후속편도 기대됩니다,82
856,User14,2024-06-06 19:30:14,2024-06-06 19:30:14,제 인생에 도움이 되었어요^^!,57
857,User66,2024-06-06 19:30:14,2024-06-06 19:30:14,잘 읽혀요,52
858,User18,2024-06-06 19:30:14,2024-06-06 19:30:14,매우 유익합니다,31
859,User92,2024-06-06 19:30:14,2024-06-06 19:30:14,더 좋은 글 기대합니다,75
860,User87,2024-06-06 19:30:14,2024-06-06 19:30:14,정말 좋은 글이네요,19
861,User78,2024-06-06 19:30:14,2024-06-06 19:30:14,제 인생에 도움이 되었어요^^!,39
862,User19,2024-06-06 19:30:14,2024-06-06 19:30:14,잘 읽었습니다,82
863,User98,2024-06-06 19:30:14,2024-06-06 19:30:14,후속편도 기대됩니다,55
864,User55,2024-06-06 19:30:14,2024-06-06 19:30:14,완전 ~ 필요한 정보였어요,30
865,User65,2024-06-06 19:30:14,2024-06-06 19:30:14,제 인생에 도움이 되었어요^^!,24
866,User74,2024-06-06 19:30:14,2024-06-06 19:30:14,잘 읽혀요,92
867,User55,2024-06-06 19:30:14,2024-06-06 19:30:14,완전 ~ 필요한 정보였어요,62
868,User11,2024-06-06 19:30:14,2024-06-06 19:30:14,잘 읽혀요,56
869,User22,2024-06-06 19:30:14,2024-06-06 19:30:14,제 인생에 도움이 되었어요^^!,34
870,User19,2024-06-06 19:30:14,2024-06-06 19:30:14,완전 ~ 필요한 정보였어요,40
871,User62,2024-06-06 19:30:14,2024-06-06 19:30:14,완전 ~ 필요한 정보였어요,84
872,User99,2024-06-06 19:30:14,2024-06-06 19:30:14,잘 읽었습니다,80
873,User91,2024-06-06 19:30:14,2024-06-06 19:30:14,제 인생에 도움이 되었어요^^!,40
874,User15,2024-06-06 19:30:14,2024-06-06 19:30:14,좋아요,73
875,User90,2024-06-06 19:30:14,2024-06-06 19:30:14,정말 좋은 글이네요,93
876,User74,2024-06-06 19:30:14,2024-06-06 19:30:14,더 좋은 글 기대합니다,86
877,User76,2024-06-06 19:30:14,2024-06-06 19:30:14,많은 도움이 되었습니다,77
878,User29,2024-06-06 19:30:14,2024-06-06 19:30:14,더 좋은 글 기대합니다,32
879,User62,2024-06-06 19:30:14,2024-06-06 19:30:14,잘 읽혀요,73
880,User43,2024-06-06 19:30:14,2024-06-06 19:30:14,이 책 완전 추천합니다,54
881,User89,2024-06-06 19:30:14,2024-06-06 19:30:14,흠...,20
882,User57,2024-06-06 19:30:14,2024-06-06 19:30:14,제 인생에 도움이 되었어요^^!,17
883,User52,2024-06-06 19:30:14,2024-06-06 19:30:14,잘 읽었습니다,33
884,User58,2024-06-06 19:30:14,2024-06-06 19:30:14,흠...,27
885,User30,2024-06-06 19:30:14,2024-06-06 19:30:14,잘 읽혀요,77
886,User60,2024-06-06 19:30:14,2024-06-06 19:30:14,참고가 되었습니다!,89
887,User92,2024-06-06 19:30:14,2024-06-06 19:30:14,흠...,36
888,User44,2024-06-06 19:30:14,2024-06-06 19:30:14,더 좋은 글 기대합니다,94
889,User91,2024-06-06 19:30:14,2024-06-06 19:30:14,정말 좋은 글이네요,98
890,User40,2024-06-06 19:30:14,2024-06-06 19:30:14,잘 읽혀요,10
891,User11,2024-06-06 19:30:14,2024-06-06 19:30:14,흠...,11
892,User1,2024-06-06 19:30:14,2024-06-06 19:30:14,후속편도 기대됩니다,37
893,User23,2024-06-06 19:30:14,2024-06-06 19:30:14,후속편도 기대됩니다,61
894,User26,2024-06-06 19:30:14,2024-06-06 19:30:14,잘 읽었습니다,84
895,User58,2024-06-06 19:30:14,2024-06-06 19:30:14,많은 도움이 되었습니다,91
896,User6,2024-06-06 19:30:14,2024-06-06 19:30:14,매우 유익합니다,99
897,User65,2024-06-06 19:30:14,2024-06-06 19:30:14,정말 좋은 글이네요,63
898,User49,2024-06-06 19:30:14,2024-06-06 19:30:14,많은 도움이 되었습니다,19
899,User44,2024-06-06 19:30:14,2024-06-06 19:30:14,흠...,53
900,User75,2024-06-06 19:30:14,2024-06-06 19:30:14,흠...,98
901,User81,2024-06-06 19:30:14,2024-06-06 19:30:14,더 좋은 글 기대합니다,49
902,User14,2024-06-06 19:30:14,2024-06-06 19:30:14,더 좋은 글 기대합니다,52
903,User19,2024-06-06 19:30:14,2024-06-06 19:30:14,흠...,84
904,User100,2024-06-06 19:30:14,2024-06-06 19:30:14,잘 읽었습니다,87
905,User41,2024-06-06 19:30:14,2024-06-06 19:30:14,후속편도 기대됩니다,50
906,User60,2024-06-06 19:30:14,2024-06-06 19:30:14,잘 읽었습니다,57
907,User17,2024-06-06 19:30:14,2024-06-06 19:30:14,제 인생에 도움이 되었어요^^!,24
908,User6,2024-06-06 19:30:14,2024-06-06 19:30:14,많은 도움이 되었습니다,21
909,User17,2024-06-06 19:30:14,2024-06-06 19:30:14,더 좋은 글 기대합니다,47
910,User99,2024-06-06 19:30:14,2024-06-06 19:30:14,많은 도움이 되었습니다,91
911,User46,2024-06-06 19:30:14,2024-06-06 19:30:14,더 좋은 글 기대합니다,89
912,User19,2024-06-06 19:30:14,2024-06-06 19:30:14,잘 읽었습니다,52
913,User27,2024-06-06 19:30:14,2024-06-06 19:30:14,정말 좋은 글이네요,2
914,User15,2024-06-06 19:30:14,2024-06-06 19:30:14,참고가 되었습니다!,56
915,User64,2024-06-06 19:30:14,2024-06-06 19:30:14,매우 유익합니다,56
916,User87,2024-06-06 19:30:14,2024-06-06 19:30:14,잘 읽혀요,54
917,User93,2024-06-06 19:30:14,2024-06-06 19:30:14,흠...,93
918,User15,2024-06-06 19:30:14,2024-06-06 19:30:14,제 인생에 도움이 되었어요^^!,61
919,User49,2024-06-06 19:30:14,2024-06-06 19:30:14,완전 ~ 필요한 정보였어요,5
920,User75,2024-06-06 19:30:14,2024-06-06 19:30:14,매우 유익합니다,2
921,User41,2024-06-06 19:30:14,2024-06-06 19:30:14,참고가 되었습니다!,49
922,User29,2024-06-06 19:30:14,2024-06-06 19:30:14,후속편도 기대됩니다,39
923,User7,2024-06-06 19:30:14,2024-06-06 19:30:14,잘 읽었습니다,7
924,User58,2024-06-06 19:30:14,2024-06-06 19:30:14,잘 읽었습니다,95
925,User26,2024-06-06 19:30:14,2024-06-06 19:30:14,완전 ~ 필요한 정보였어요,100
926,User17,2024-06-06 19:30:14,2024-06-06 19:30:14,더 좋은 글 기대합니다,1
927,User25,2024-06-06 19:30:14,2024-06-06 19:30:14,정말 좋은 글이네요,25
928,User98,2024-06-06 19:30:14,2024-06-06 19:30:14,참고가 되었습니다!,25
929,User61,2024-06-06 19:30:14,2024-06-06 19:30:14,제 인생에 도움이 되었어요^^!,76
930,User45,2024-06-06 19:30:14,2024-06-06 19:30:14,참고가 되었습니다!,73
931,User95,2024-06-06 19:30:14,2024-06-06 19:30:14,후속편도 기대됩니다,83
932,User18,2024-06-06 19:30:14,2024-06-06 19:30:14,이 책 완전 추천합니다,29
933,User23,2024-06-06 19:30:14,2024-06-06 19:30:14,흠...,62
934,User44,2024-06-06 19:30:14,2024-06-06 19:30:14,후속편도 기대됩니다,6
935,User82,2024-06-06 19:30:14,2024-06-06 19:30:14,참고가 되었습니다!,7
936,User80,2024-06-06 19:30:14,2024-06-06 19:30:14,이 책 완전 추천합니다,48
937,User39,2024-06-06 19:30:14,2024-06-06 19:30:14,잘 읽었습니다,75
938,User81,2024-06-06 19:30:14,2024-06-06 19:30:14,잘 읽혀요,83
939,User62,2024-06-06 19:30:14,2024-06-06 19:30:14,잘 읽혀요,96
940,User42,2024-06-06 19:30:14,2024-06-06 19:30:14,매우 유익합니다,58
941,User21,2024-06-06 19:30:14,2024-06-06 19:30:14,후속편도 기대됩니다,41
942,User35,2024-06-06 19:30:14,2024-06-06 19:30:14,완전 ~ 필요한 정보였어요,68
943,User74,2024-06-06 19:30:14,2024-06-06 19:30:14,후속편도 기대됩니다,85
944,User69,2024-06-06 19:30:14,2024-06-06 19:30:14,잘 읽혀요,52
945,User82,2024-06-06 19:30:14,2024-06-06 19:30:14,잘 읽었습니다,9
946,User38,2024-06-06 19:30:14,2024-06-06 19:30:14,참고가 되었습니다!,8
947,User14,2024-06-06 19:30:14,2024-06-06 19:30:14,참고가 되었습니다!,65
948,User97,2024-06-06 19:30:14,2024-06-06 19:30:14,제 인생에 도움이 되었어요^^!,46
949,User41,2024-06-06 19:30:14,2024-06-06 19:30:14,많은 도움이 되었습니다,69
950,User12,2024-06-06 19:30:14,2024-06-06 19:30:14,제 인생에 도움이 되었어요^^!,17
951,User99,2024-06-06 19:30:14,2024-06-06 19:30:14,잘 읽었습니다,60
952,User31,2024-06-06 19:30:14,2024-06-06 19:30:14,많은 도움이 되었습니다,1
953,User9,2024-06-06 19:30:14,2024-06-06 19:30:14,더 좋은 글 기대합니다,62
954,User31,2024-06-06 19:30:14,2024-06-06 19:30:14,참고가 되었습니다!,83
955,User93,2024-06-06 19:30:14,2024-06-06 19:30:14,많은 도움이 되었습니다,56
956,User11,2024-06-06 19:30:14,2024-06-06 19:30:14,완전 ~ 필요한 정보였어요,93
957,User83,2024-06-06 19:30:14,2024-06-06 19:30:14,잘 읽혀요,26
958,User7,2024-06-06 19:30:14,2024-06-06 19:30:14,완전 ~ 필요한 정보였어요,28
959,User52,2024-06-06 19:30:14,2024-06-06 19:30:14,많은 도움이 되었습니다,28
960,User92,2024-06-06 19:30:14,2024-06-06 19:30:14,참고가 되었습니다!,93
961,User53,2024-06-06 19:30:14,2024-06-06 19:30:14,흠...,61
962,User14,2024-06-06 19:30:14,2024-06-06 19:30:14,많은 도움이 되었습니다,26
963,User13,2024-06-06 19:30:14,2024-06-06 19:30:14,제 인생에 도움이 되었어요^^!,76
964,User57,2024-06-06 19:30:14,2024-06-06 19:30:14,잘 읽었습니다,50
965,User43,2024-06-06 19:30:14,2024-06-06 19:30:14,잘 읽혀요,36
966,User39,2024-06-06 19:30:14,2024-06-06 19:30:14,매우 유익합니다,20
967,User69,2024-06-06 19:30:14,2024-06-06 19:30:14,후속편도 기대됩니다,13
968,User85,2024-06-06 19:30:14,2024-06-06 19:30:14,제 인생에 도움이 되었어요^^!,35
969,User80,2024-06-06 19:30:14,2024-06-06 19:30:14,참고가 되었습니다!,7
970,User35,2024-06-06 19:30:14,2024-06-06 19:30:14,이 책 완전 추천합니다,91
971,User57,2024-06-06 19:30:14,2024-06-06 19:30:14,후속편도 기대됩니다,39
972,User10,2024-06-06 19:30:14,2024-06-06 19:30:14,잘 읽혀요,93
973,User15,2024-06-06 19:30:14,2024-06-06 19:30:14,참고가 되었습니다!,7
974,User98,2024-06-06 19:30:14,2024-06-06 19:30:14,후속편도 기대됩니다,19
975,User2,2024-06-06 19:30:14,2024-06-06 19:30:14,참고가 되었습니다!,67
976,User58,2024-06-06 19:30:14,2024-06-06 19:30:14,완전 ~ 필요한 정보였어요,37
977,User78,2024-06-06 19:30:14,2024-06-06 19:30:14,더 좋은 글 기대합니다,60
978,User11,2024-06-06 19:30:14,2024-06-06 19:30:14,참고가 되었습니다!,73
979,User48,2024-06-06 19:30:14,2024-06-06 19:30:14,완전 ~ 필요한 정보였어요,24
980,User27,2024-06-06 19:30:14,2024-06-06 19:30:14,참고가 되었습니다!,94
981,User25,2024-06-06 19:30:14,2024-06-06 19:30:14,흠...,92
982,User5,2024-06-06 19:30:14,2024-06-06 19:30:14,완전 ~ 필요한 정보였어요,0
983,User34,2024-06-06 19:30:14,2024-06-06 19:30:14,후속편도 기대됩니다,26
984,User44,2024-06-06 19:30:14,2024-06-06 19:30:14,더 좋은 글 기대합니다,40
985,User74,2024-06-06 19:30:14,2024-06-06 19:30:14,흠...,100
986,User37,2024-06-06 19:30:14,2024-06-06 19:30:14,많은 도움이 되었습니다,10
987,User54,2024-06-06 19:30:14,2024-06-06 19:30:14,좋아요,68
988,User80,2024-06-06 19:30:14,2024-06-06 19:30:14,제 인생에 도움이 되었어요^^!,71
989,User76,2024-06-06 19:30:14,2024-06-06 19:30:14,후속편도 기대됩니다,23
990,User19,2024-06-06 19:30:14,2024-06-06 19:30:14,정말 좋은 글이네요,1
991,User2,2024-06-06 19:30:14,2024-06-06 19:30:14,좋아요,29
992,User29,2024-06-06 19:30:14,2024-06-06 19:30:14,많은 도움이 되었습니다,89
993,User70,2024-06-06 19:30:14,2024-06-06 19:30:14,많은 도움이 되었습니다,54
994,User54,2024-06-06 19:30:14,2024-06-06 19:30:14,좋아요,29
995,User43,2024-06-06 19:30:14,2024-06-06 19:30:14,제 인생에 도움이 되었어요^^!,83
996,User19,2024-06-06 19:30:14,2024-06-06 19:30:14,참고가 되었습니다!,35
997,User12,2024-06-06 19:30:14,2024-06-06 19:30:14,많은 도움이 되었습니다,68
998,User19,2024-06-06 19:30:14,2024-06-06 19:30:14,후속편도 기대됩니다,26
999,User55,2024-06-06 19:30:14,2024-06-06 19:30:14,정말 좋은 글이네요,77
1000,User39,2024-06-06 19:30:14,2024-06-06 19:30:14,잘 읽혀요,28
